creation_date,completion_date,assigned_rating,account_key,lesson_key,processing_state
2018-01-14 00:00:00,2018-01-16 00:00:00,UNGRADED,256,3176718735,EVALUATED
2018-01-10 00:00:00,2018-01-13 00:00:00,INCOMPLETE,256,3176718735,EVALUATED
2018-01-20 00:00:00,2018-01-20 00:00:00,PASSED,256,3176718735,EVALUATED
2018-03-10 00:00:00,2018-03-13 00:00:00,PASSED,434,3176718735,EVALUATED
2018-02-17 00:00:00,2018-03-03 00:00:00,INCOMPLETE,434,3176718735,EVALUATED
2018-01-13 00:00:00,2018-01-23 00:00:00,PASSED,378,3176718735,EVALUATED
2018-08-25 00:00:00,2018-08-25 00:00:00,PASSED,599,3176718735,EVALUATED
2018-08-03 00:00:00,2018-08-03 00:00:00,INCOMPLETE,599,3176718735,EVALUATED
2017-12-14 00:00:00,2017-12-23 00:00:00,PASSED,639,3176718735,EVALUATED
2018-01-13 00:00:00,2018-01-26 00:00:00,PASSED,639,3168208620,EVALUATED
2018-08-10 00:00:00,2018-08-10 00:00:00,INCOMPLETE,439,3174288624,EVALUATED
2018-08-09 00:00:00,2018-08-09 00:00:00,INCOMPLETE,439,3174288624,EVALUATED
2018-05-18 00:00:00,2018-05-21 00:00:00,PASSED,439,3165188753,EVALUATED
2018-01-03 00:00:00,2018-01-07 00:00:00,PASSED,439,3176718735,EVALUATED
2018-08-09 00:00:00,2018-08-09 00:00:00,INCOMPLETE,439,3174288624,EVALUATED
2018-03-22 00:00:00,2018-03-27 00:00:00,PASSED,439,3168208620,EVALUATED
2018-08-11 00:00:00,2018-08-11 00:00:00,PASSED,439,3174288624,EVALUATED
2018-07-28 00:00:00,2018-07-29 00:00:00,INCOMPLETE,439,3174288624,EVALUATED
2018-08-06 00:00:00,2018-08-06 00:00:00,INCOMPLETE,439,3174288624,EVALUATED
2018-04-10 00:00:00,2018-04-10 00:00:00,INCOMPLETE,168,3176718735,EVALUATED
2018-06-29 00:00:00,2018-06-30 00:00:00,PASSED,168,3168208620,EVALUATED
2018-05-04 00:00:00,2018-05-04 00:00:00,PASSED,168,3176718735,EVALUATED
2018-04-15 00:00:00,2018-04-15 00:00:00,INCOMPLETE,168,3176718735,EVALUATED
2018-04-16 00:00:00,2018-04-17 00:00:00,PASSED,641,3168208620,EVALUATED
2018-04-15 00:00:00,2018-04-15 00:00:00,INCOMPLETE,641,3176718735,EVALUATED
2018-05-20 00:00:00,2018-05-21 00:00:00,PASSED,641,3165188753,EVALUATED
2018-05-16 00:00:00,2018-05-21 00:00:00,INCOMPLETE,641,3165188753,EVALUATED
2018-05-06 00:00:00,2018-05-21 00:00:00,INCOMPLETE,641,3165188753,EVALUATED
2018-05-13 00:00:00,2018-05-21 00:00:00,PASSED,641,3184238632,EVALUATED
2018-04-25 00:00:00,2018-04-26 00:00:00,INCOMPLETE,641,3174288624,EVALUATED
2018-04-16 00:00:00,2018-04-16 00:00:00,PASSED,641,3176718735,EVALUATED
2018-04-15 00:00:00,2018-04-15 00:00:00,INCOMPLETE,641,3176718735,EVALUATED
2018-04-14 00:00:00,2018-04-15 00:00:00,INCOMPLETE,641,3168208620,EVALUATED
2018-04-30 00:00:00,2018-05-01 00:00:00,PASSED,641,3174288624,EVALUATED
2018-04-15 00:00:00,2018-04-15 00:00:00,INCOMPLETE,641,3176718735,EVALUATED
2018-04-13 00:00:00,2018-04-13 00:00:00,INCOMPLETE,641,3168208620,EVALUATED
2018-05-12 00:00:00,2018-05-21 00:00:00,INCOMPLETE,641,3165188753,EVALUATED
2018-04-23 00:00:00,2018-04-23 00:00:00,INCOMPLETE,641,3174288624,EVALUATED
2018-05-12 00:00:00,2018-05-21 00:00:00,INCOMPLETE,641,3184238632,EVALUATED
2018-04-08 00:00:00,2018-04-08 00:00:00,INCOMPLETE,641,3176718735,EVALUATED
2017-12-30 00:00:00,2017-12-31 00:00:00,PASSED,611,3176718735,EVALUATED
2017-12-12 00:00:00,2018-01-01 00:00:00,PASSED,611,3174288624,EVALUATED
2018-01-05 00:00:00,2018-01-18 00:00:00,PASSED,611,3168208620,EVALUATED
2018-06-06 00:00:00,2018-06-08 00:00:00,PASSED,57,3165188753,EVALUATED
2017-12-19 00:00:00,2017-12-26 00:00:00,INCOMPLETE,57,3176718735,EVALUATED
2018-06-03 00:00:00,2018-06-05 00:00:00,INCOMPLETE,57,3165188753,EVALUATED
2018-02-10 00:00:00,2018-02-11 00:00:00,PASSED,57,3168208620,EVALUATED
2018-07-22 00:00:00,2018-07-22 00:00:00,INCOMPLETE,57,3174288624,EVALUATED
2018-01-10 00:00:00,2018-01-16 00:00:00,PASSED,57,3176718735,EVALUATED
2018-07-26 00:00:00,2018-07-26 00:00:00,PASSED,57,3174288624,EVALUATED
2018-07-22 00:00:00,2018-07-23 00:00:00,INCOMPLETE,57,3174288624,EVALUATED
2018-01-29 00:00:00,2018-02-21 00:00:00,UNGRADED,130,3176718735,EVALUATED
2018-02-24 00:00:00,2018-02-24 00:00:00,PASSED,130,3176718735,EVALUATED
2018-01-12 00:00:00,2018-01-21 00:00:00,INCOMPLETE,130,3176718735,EVALUATED
2018-01-31 00:00:00,2018-02-11 00:00:00,INCOMPLETE,90,3176718735,EVALUATED
2018-01-02 00:00:00,2018-01-14 00:00:00,INCOMPLETE,90,3176718735,EVALUATED
2018-08-25 00:00:00,2018-08-27 00:00:00,INCOMPLETE,90,3165188753,EVALUATED
2018-06-02 00:00:00,2018-06-02 00:00:00,INCOMPLETE,90,3168208620,EVALUATED
2018-01-14 00:00:00,2018-01-28 00:00:00,INCOMPLETE,90,3176718735,EVALUATED
2018-02-13 00:00:00,2018-02-27 00:00:00,PASSED,90,3176718735,EVALUATED
2018-06-04 00:00:00,2018-06-04 00:00:00,PASSED,90,3168208620,EVALUATED
2018-01-30 00:00:00,2018-02-10 00:00:00,PASSED,618,3176718735,EVALUATED
2018-01-13 00:00:00,2018-01-20 00:00:00,INCOMPLETE,712,3176718735,EVALUATED
2018-01-25 00:00:00,2018-02-07 00:00:00,DISTINCTION,541,3165188753,EVALUATED
2018-01-02 00:00:00,2018-01-14 00:00:00,INCOMPLETE,541,3176718735,EVALUATED
2018-02-12 00:00:00,2018-02-27 00:00:00,PASSED,541,3168208620,EVALUATED
2018-01-31 00:00:00,2018-02-13 00:00:00,PASSED,541,3176718735,EVALUATED
2018-03-27 00:00:00,2018-04-08 00:00:00,PASSED,541,3174288624,EVALUATED
2018-05-29 00:00:00,2018-06-07 00:00:00,PASSED,541,3184238632,EVALUATED
2018-06-01 00:00:00,2018-06-01 00:00:00,PASSED,416,3176718735,EVALUATED
2018-05-31 00:00:00,2018-05-31 00:00:00,INCOMPLETE,416,3176718735,EVALUATED
2018-05-30 00:00:00,2018-05-30 00:00:00,INCOMPLETE,416,3176718735,EVALUATED
2018-01-22 00:00:00,2018-02-03 00:00:00,PASSED,612,3176718735,EVALUATED
2018-01-02 00:00:00,2018-01-15 00:00:00,INCOMPLETE,612,3176718735,EVALUATED
2018-05-14 00:00:00,2018-05-21 00:00:00,INCOMPLETE,258,3165188753,EVALUATED
2018-06-07 00:00:00,2018-06-08 00:00:00,PASSED,258,3174288624,EVALUATED
2018-05-21 00:00:00,2018-05-21 00:00:00,PASSED,258,3165188753,EVALUATED
2018-06-09 00:00:00,2018-06-10 00:00:00,INCOMPLETE,258,3184238632,EVALUATED
2018-03-06 00:00:00,2018-03-19 00:00:00,DISTINCTION,258,3168208620,EVALUATED
2018-05-04 00:00:00,2018-05-06 00:00:00,INCOMPLETE,258,3165188753,EVALUATED
2018-01-12 00:00:00,2018-01-22 00:00:00,PASSED,258,3176718735,EVALUATED
2018-06-12 00:00:00,2018-06-19 00:00:00,PASSED,258,3184238632,EVALUATED
2018-06-10 00:00:00,2018-06-12 00:00:00,INCOMPLETE,258,3184238632,EVALUATED
2018-05-31 00:00:00,2018-06-01 00:00:00,INCOMPLETE,258,3174288624,EVALUATED
2018-03-30 00:00:00,2018-04-14 00:00:00,INCOMPLETE,413,3176718735,EVALUATED
2018-05-01 00:00:00,2018-05-02 00:00:00,PASSED,413,3176718735,EVALUATED
2018-04-23 00:00:00,2018-04-29 00:00:00,INCOMPLETE,413,3176718735,EVALUATED
2018-01-22 00:00:00,2018-01-31 00:00:00,PASSED,412,3176718735,EVALUATED
2018-01-04 00:00:00,2018-01-13 00:00:00,INCOMPLETE,412,3176718735,EVALUATED
2018-01-31 00:00:00,2018-02-14 00:00:00,PASSED,474,3184238632,EVALUATED
2018-01-30 00:00:00,2018-02-13 00:00:00,PASSED,474,3174288624,EVALUATED
2018-01-21 00:00:00,2018-02-02 00:00:00,PASSED,474,3168208620,EVALUATED
2018-01-26 00:00:00,2018-02-10 00:00:00,PASSED,474,3165188753,EVALUATED
2018-02-12 00:00:00,,,474,3562208770,CREATED
2018-01-14 00:00:00,2018-01-28 00:00:00,PASSED,474,3176718735,EVALUATED
2018-05-01 00:00:00,2018-05-01 00:00:00,PASSED,150,3184238632,EVALUATED
2018-03-10 00:00:00,2018-03-12 00:00:00,PASSED,150,3165188753,EVALUATED
2018-03-30 00:00:00,2018-04-14 00:00:00,INCOMPLETE,150,3174288624,EVALUATED
2018-02-23 00:00:00,2018-03-01 00:00:00,INCOMPLETE,150,3165188753,EVALUATED
2018-01-21 00:00:00,2018-02-03 00:00:00,PASSED,150,3168208620,EVALUATED
2018-04-30 00:00:00,2018-05-01 00:00:00,INCOMPLETE,150,3184238632,EVALUATED
2018-04-15 00:00:00,2018-04-15 00:00:00,PASSED,150,3174288624,EVALUATED
2018-04-27 00:00:00,2018-04-29 00:00:00,INCOMPLETE,150,3184238632,EVALUATED
2017-12-15 00:00:00,2017-12-23 00:00:00,PASSED,150,3176718735,EVALUATED
2018-05-02 00:00:00,2018-05-02 00:00:00,INCOMPLETE,138,3176718735,EVALUATED
2018-04-28 00:00:00,2018-04-30 00:00:00,INCOMPLETE,138,3176718735,EVALUATED
2018-05-03 00:00:00,2018-05-03 00:00:00,PASSED,138,3176718735,EVALUATED
2018-08-18 00:00:00,2018-08-18 00:00:00,INCOMPLETE,984,4576183932,EVALUATED
2018-08-18 00:00:00,2018-08-18 00:00:00,PASSED,984,4576183932,EVALUATED
2018-08-17 00:00:00,2018-08-17 00:00:00,INCOMPLETE,984,4576183932,EVALUATED
2017-11-28 00:00:00,2017-12-01 00:00:00,PASSED,601,3176718735,EVALUATED
2018-05-31 00:00:00,2018-06-01 00:00:00,INCOMPLETE,606,3176718735,EVALUATED
2018-06-01 00:00:00,2018-06-01 00:00:00,PASSED,606,3176718735,EVALUATED
2018-05-30 00:00:00,2018-05-30 00:00:00,INCOMPLETE,606,3176718735,EVALUATED
2018-05-31 00:00:00,2018-05-31 00:00:00,INCOMPLETE,606,3176718735,EVALUATED
2018-04-30 00:00:00,2018-04-30 00:00:00,INCOMPLETE,69,3176718735,EVALUATED
2018-02-08 00:00:00,2018-02-18 00:00:00,INCOMPLETE,69,3176718735,EVALUATED
2018-01-12 00:00:00,2018-01-24 00:00:00,INCOMPLETE,69,3176718735,EVALUATED
2018-05-04 00:00:00,2018-05-05 00:00:00,INCOMPLETE,69,3176718735,EVALUATED
2018-05-06 00:00:00,2018-05-06 00:00:00,PASSED,69,3176718735,EVALUATED
2018-04-30 00:00:00,2018-05-04 00:00:00,INCOMPLETE,69,3176718735,EVALUATED
2018-06-03 00:00:00,2018-06-03 00:00:00,PASSED,361,3168208620,EVALUATED
2018-05-18 00:00:00,2018-05-21 00:00:00,INCOMPLETE,361,3176718735,EVALUATED
2018-06-07 00:00:00,2018-06-08 00:00:00,INCOMPLETE,361,3165188753,EVALUATED
2018-05-22 00:00:00,2018-05-23 00:00:00,INCOMPLETE,361,3176718735,EVALUATED
2018-06-03 00:00:00,2018-06-03 00:00:00,INCOMPLETE,361,3168208620,EVALUATED
2018-05-23 00:00:00,2018-05-23 00:00:00,PASSED,361,3176718735,EVALUATED
2018-08-06 00:00:00,2018-08-06 00:00:00,PASSED,321,3176718735,EVALUATED
2018-06-29 00:00:00,2018-06-30 00:00:00,PASSED,321,3168208620,EVALUATED
2018-08-06 00:00:00,2018-08-06 00:00:00,INCOMPLETE,321,3176718735,EVALUATED
2018-08-06 00:00:00,2018-08-06 00:00:00,PASSED,321,4576183932,EVALUATED
2018-03-04 00:00:00,2018-03-17 00:00:00,INCOMPLETE,321,3176718735,EVALUATED
2018-01-06 00:00:00,2018-01-21 00:00:00,INCOMPLETE,321,3176718735,EVALUATED
2018-04-05 00:00:00,2018-04-05 00:00:00,INCOMPLETE,523,3176718735,EVALUATED
2018-04-05 00:00:00,2018-04-05 00:00:00,INCOMPLETE,523,3176718735,EVALUATED
2018-08-10 00:00:00,2018-08-10 00:00:00,PASSED,523,3168208620,EVALUATED
2018-08-17 00:00:00,2018-08-17 00:00:00,PASSED,523,4576183932,EVALUATED
2018-04-06 00:00:00,2018-04-13 00:00:00,PASSED,523,3176718735,EVALUATED
2018-08-17 00:00:00,2018-08-17 00:00:00,INCOMPLETE,523,4576183932,EVALUATED
2018-08-10 00:00:00,2018-08-10 00:00:00,INCOMPLETE,523,3168208620,EVALUATED
2018-04-30 00:00:00,2018-05-01 00:00:00,PASSED,544,3184238632,EVALUATED
2018-04-25 00:00:00,2018-04-27 00:00:00,INCOMPLETE,544,3184238632,EVALUATED
2018-01-04 00:00:00,2018-01-17 00:00:00,PASSED,544,3168208620,EVALUATED
2017-12-12 00:00:00,2017-12-25 00:00:00,INCOMPLETE,544,3176718735,EVALUATED
2018-04-05 00:00:00,2018-04-06 00:00:00,INCOMPLETE,544,3174288624,EVALUATED
2018-03-10 00:00:00,2018-03-24 00:00:00,PASSED,544,3165188753,EVALUATED
2018-01-01 00:00:00,2018-01-14 00:00:00,PASSED,544,3176718735,EVALUATED
2018-01-25 00:00:00,2018-02-04 00:00:00,INCOMPLETE,544,3165188753,EVALUATED
2018-04-08 00:00:00,2018-04-13 00:00:00,PASSED,544,3174288624,EVALUATED
2018-03-30 00:00:00,2018-04-11 00:00:00,INCOMPLETE,415,3168208620,EVALUATED
2018-01-26 00:00:00,2018-02-09 00:00:00,PASSED,415,3176718735,EVALUATED
2018-05-24 00:00:00,2018-05-29 00:00:00,INCOMPLETE,415,3165188753,EVALUATED
2018-01-07 00:00:00,2018-01-20 00:00:00,INCOMPLETE,415,3176718735,EVALUATED
2018-03-22 00:00:00,2018-04-02 00:00:00,PASSED,645,3168208620,EVALUATED
2018-03-13 00:00:00,2018-03-25 00:00:00,PASSED,645,3174288624,EVALUATED
2018-02-27 00:00:00,2018-03-12 00:00:00,INCOMPLETE,645,3165188753,EVALUATED
2018-02-13 00:00:00,2018-02-16 00:00:00,PASSED,645,3176718735,EVALUATED
2018-03-28 00:00:00,2018-04-10 00:00:00,PASSED,645,3165188753,EVALUATED
2018-04-13 00:00:00,2018-04-13 00:00:00,PASSED,645,3184238632,EVALUATED
2018-04-05 00:00:00,2018-04-13 00:00:00,PASSED,427,3176718735,EVALUATED
2018-04-04 00:00:00,2018-04-05 00:00:00,INCOMPLETE,427,3176718735,EVALUATED
2018-03-23 00:00:00,2018-03-26 00:00:00,INCOMPLETE,427,3168208620,EVALUATED
2018-05-23 00:00:00,2018-05-26 00:00:00,PASSED,427,3174288624,EVALUATED
2018-05-22 00:00:00,2018-05-22 00:00:00,INCOMPLETE,427,3174288624,EVALUATED
2018-03-13 00:00:00,2018-03-23 00:00:00,UNGRADED,427,3168208620,EVALUATED
2018-05-22 00:00:00,2018-05-22 00:00:00,INCOMPLETE,427,3165188753,EVALUATED
2018-05-15 00:00:00,2018-05-21 00:00:00,INCOMPLETE,427,3165188753,EVALUATED
2018-04-06 00:00:00,2018-04-13 00:00:00,PASSED,427,3168208620,EVALUATED
2018-04-05 00:00:00,2018-04-06 00:00:00,INCOMPLETE,427,3168208620,EVALUATED
2018-03-22 00:00:00,2018-03-30 00:00:00,INCOMPLETE,427,3165188753,EVALUATED
2018-02-21 00:00:00,2018-03-02 00:00:00,INCOMPLETE,427,3176718735,EVALUATED
2018-05-23 00:00:00,2018-05-24 00:00:00,PASSED,427,3184238632,EVALUATED
2018-05-16 00:00:00,2018-05-21 00:00:00,INCOMPLETE,427,3165188753,EVALUATED
2018-03-29 00:00:00,2018-04-07 00:00:00,INCOMPLETE,427,3174288624,EVALUATED
2018-05-22 00:00:00,2018-05-24 00:00:00,PASSED,427,3165188753,EVALUATED
2018-05-16 00:00:00,2018-05-21 00:00:00,INCOMPLETE,427,3184238632,EVALUATED
2018-08-01 00:00:00,2018-08-02 00:00:00,PASSED,460,3165188753,EVALUATED
2018-05-25 00:00:00,2018-05-25 00:00:00,INCOMPLETE,460,3168208620,EVALUATED
2018-04-24 00:00:00,2018-04-28 00:00:00,INCOMPLETE,460,3176718735,EVALUATED
2018-06-28 00:00:00,2018-06-29 00:00:00,INCOMPLETE,460,3165188753,EVALUATED
2018-05-24 00:00:00,2018-05-24 00:00:00,INCOMPLETE,460,3168208620,EVALUATED
2018-05-10 00:00:00,2018-05-21 00:00:00,PASSED,460,3176718735,EVALUATED
2018-05-03 00:00:00,2018-05-03 00:00:00,INCOMPLETE,460,3176718735,EVALUATED
2018-03-22 00:00:00,2018-03-31 00:00:00,INCOMPLETE,460,3176718735,EVALUATED
2018-07-26 00:00:00,2018-07-27 00:00:00,INCOMPLETE,460,3165188753,EVALUATED
2018-05-31 00:00:00,2018-05-31 00:00:00,PASSED,460,3168208620,EVALUATED
2018-03-01 00:00:00,2018-03-09 00:00:00,INCOMPLETE,460,3176718735,EVALUATED
2017-12-17 00:00:00,2017-12-23 00:00:00,PASSED,51,3176718735,EVALUATED
2017-12-05 00:00:00,2017-12-09 00:00:00,PASSED,394,3176718735,EVALUATED
2018-04-07 00:00:00,2018-04-08 00:00:00,INCOMPLETE,394,3184238632,EVALUATED
2018-01-27 00:00:00,2018-02-09 00:00:00,INCOMPLETE,394,3165188753,EVALUATED
2018-04-09 00:00:00,2018-04-09 00:00:00,PASSED,394,3184238632,EVALUATED
2018-03-15 00:00:00,2018-03-29 00:00:00,PASSED,394,3174288624,EVALUATED
2018-01-15 00:00:00,2018-01-26 00:00:00,INCOMPLETE,394,3165188753,EVALUATED
2018-03-21 00:00:00,2018-04-02 00:00:00,INCOMPLETE,394,3184238632,EVALUATED
2018-02-25 00:00:00,2018-03-11 00:00:00,INCOMPLETE,394,3174288624,EVALUATED
2017-12-22 00:00:00,2017-12-31 00:00:00,INCOMPLETE,394,3168208620,EVALUATED
2018-02-10 00:00:00,2018-02-24 00:00:00,PASSED,394,3165188753,EVALUATED
2018-01-09 00:00:00,2018-01-22 00:00:00,PASSED,394,3168208620,EVALUATED
2018-01-13 00:00:00,2018-01-22 00:00:00,PASSED,419,3176718735,EVALUATED
2018-04-09 00:00:00,2018-04-09 00:00:00,INCOMPLETE,637,3176718735,EVALUATED
2018-04-07 00:00:00,2018-04-07 00:00:00,INCOMPLETE,637,3176718735,EVALUATED
2018-04-13 00:00:00,2018-04-13 00:00:00,PASSED,637,3176718735,EVALUATED
2018-06-01 00:00:00,2018-06-01 00:00:00,INCOMPLETE,602,3168208620,EVALUATED
2018-04-06 00:00:00,2018-04-13 00:00:00,PASSED,602,3176718735,EVALUATED
2018-05-26 00:00:00,2018-06-01 00:00:00,INCOMPLETE,140,3165188753,EVALUATED
2018-06-03 00:00:00,2018-06-04 00:00:00,INCOMPLETE,140,3165188753,EVALUATED
2018-08-18 00:00:00,2018-08-19 00:00:00,INCOMPLETE,140,3174288624,EVALUATED
2018-03-31 00:00:00,2018-04-15 00:00:00,PASSED,140,3168208620,EVALUATED
2018-02-03 00:00:00,2018-02-12 00:00:00,PASSED,140,3176718735,EVALUATED
2018-06-09 00:00:00,2018-06-09 00:00:00,PASSED,140,3165188753,EVALUATED
2018-07-08 00:00:00,2018-07-09 00:00:00,INCOMPLETE,587,3176718735,EVALUATED
2018-07-31 00:00:00,2018-08-01 00:00:00,PASSED,587,3176718735,EVALUATED
2018-03-09 00:00:00,2018-03-19 00:00:00,INCOMPLETE,587,3176718735,EVALUATED
2018-06-23 00:00:00,2018-06-23 00:00:00,INCOMPLETE,587,3176718735,EVALUATED
2018-04-26 00:00:00,2018-04-28 00:00:00,PASSED,153,3168208620,EVALUATED
2018-04-07 00:00:00,2018-04-07 00:00:00,INCOMPLETE,153,3168208620,EVALUATED
2018-03-03 00:00:00,2018-03-09 00:00:00,INCOMPLETE,153,3176718735,EVALUATED
2018-03-11 00:00:00,2018-03-17 00:00:00,PASSED,153,3176718735,EVALUATED
2018-02-01 00:00:00,2018-02-16 00:00:00,INCOMPLETE,153,3176718735,EVALUATED
2018-01-11 00:00:00,2018-01-23 00:00:00,PASSED,440,3176718735,EVALUATED
2017-12-01 00:00:00,2017-12-06 00:00:00,PASSED,179,3176718735,EVALUATED
2018-01-18 00:00:00,2018-02-01 00:00:00,INCOMPLETE,179,3165188753,EVALUATED
2018-02-09 00:00:00,2018-02-23 00:00:00,INCOMPLETE,179,3165188753,EVALUATED
2017-12-12 00:00:00,2017-12-18 00:00:00,PASSED,179,3168208620,EVALUATED
2018-02-26 00:00:00,2018-03-12 00:00:00,PASSED,179,3165188753,EVALUATED
2018-04-04 00:00:00,2018-04-05 00:00:00,PASSED,92,3165188753,EVALUATED
2018-03-20 00:00:00,2018-04-01 00:00:00,INCOMPLETE,92,3165188753,EVALUATED
2017-12-15 00:00:00,2017-12-27 00:00:00,INCOMPLETE,92,3176718735,EVALUATED
2018-01-05 00:00:00,2018-01-15 00:00:00,PASSED,92,3176718735,EVALUATED
2018-05-02 00:00:00,2018-05-03 00:00:00,PASSED,92,3174288624,EVALUATED
2018-07-05 00:00:00,2018-07-06 00:00:00,PASSED,92,3184238632,EVALUATED
2018-02-02 00:00:00,2018-02-12 00:00:00,PASSED,92,3168208620,EVALUATED
2018-02-02 00:00:00,2018-02-02 00:00:00,UNGRADED,92,3168208620,EVALUATED
2018-03-30 00:00:00,2018-04-06 00:00:00,PASSED,159,3168208620,EVALUATED
2018-07-27 00:00:00,2018-07-28 00:00:00,INCOMPLETE,159,3165188753,EVALUATED
2018-07-28 00:00:00,2018-07-29 00:00:00,PASSED,159,3165188753,EVALUATED
2018-02-05 00:00:00,2018-02-12 00:00:00,PASSED,159,3176718735,EVALUATED
2018-03-25 00:00:00,2018-03-26 00:00:00,INCOMPLETE,624,3176718735,EVALUATED
2018-04-05 00:00:00,2018-04-13 00:00:00,PASSED,624,3176718735,EVALUATED
2018-04-14 00:00:00,2018-04-14 00:00:00,INCOMPLETE,564,3176718735,EVALUATED
2018-04-19 00:00:00,2018-04-19 00:00:00,PASSED,564,3176718735,EVALUATED
2018-01-20 00:00:00,2018-01-25 00:00:00,PASSED,483,3165188753,EVALUATED
2017-12-23 00:00:00,2017-12-31 00:00:00,PASSED,483,3168208620,EVALUATED
2018-02-28 00:00:00,2018-03-14 00:00:00,PASSED,483,3174288624,EVALUATED
2018-03-28 00:00:00,2018-04-11 00:00:00,PASSED,483,3184238632,EVALUATED
2017-12-02 00:00:00,2017-12-04 00:00:00,PASSED,483,3176718735,EVALUATED
2018-02-03 00:00:00,2018-02-16 00:00:00,PASSED,43,3176718735,EVALUATED
2018-03-29 00:00:00,2018-04-13 00:00:00,INCOMPLETE,362,3184238632,EVALUATED
2018-01-29 00:00:00,2018-02-12 00:00:00,PASSED,362,3168208620,EVALUATED
2018-02-18 00:00:00,2018-03-05 00:00:00,PASSED,362,3174288624,EVALUATED
2018-01-16 00:00:00,2018-01-26 00:00:00,PASSED,362,3165188753,EVALUATED
2018-01-16 00:00:00,2018-01-28 00:00:00,PASSED,362,3176718735,EVALUATED
2018-03-05 00:00:00,2018-03-19 00:00:00,INCOMPLETE,110,3184238632,EVALUATED
2018-02-26 00:00:00,2018-03-12 00:00:00,PASSED,110,3174288624,EVALUATED
2018-03-21 00:00:00,2018-04-03 00:00:00,INCOMPLETE,110,3184238632,EVALUATED
2018-03-02 00:00:00,2018-03-03 00:00:00,PASSED,110,3165188753,EVALUATED
2018-02-04 00:00:00,2018-02-20 00:00:00,PASSED,110,3168208620,EVALUATED
2018-02-23 00:00:00,2018-03-01 00:00:00,UNGRADED,110,3165188753,EVALUATED
2018-02-04 00:00:00,2018-02-07 00:00:00,INCOMPLETE,110,3176718735,EVALUATED
2018-04-16 00:00:00,2018-04-16 00:00:00,PASSED,110,3184238632,EVALUATED
2018-02-06 00:00:00,2018-02-13 00:00:00,INCOMPLETE,110,3165188753,EVALUATED
2018-02-09 00:00:00,2018-02-10 00:00:00,PASSED,110,3176718735,EVALUATED
2018-01-22 00:00:00,2018-02-03 00:00:00,INCOMPLETE,110,3176718735,EVALUATED
2018-01-22 00:00:00,2018-02-02 00:00:00,INCOMPLETE,110,3168208620,EVALUATED
2017-12-10 00:00:00,2017-12-24 00:00:00,INCOMPLETE,110,3176718735,EVALUATED
2018-04-22 00:00:00,2018-04-22 00:00:00,PASSED,289,3176718735,EVALUATED
2018-04-21 00:00:00,2018-04-21 00:00:00,INCOMPLETE,289,3176718735,EVALUATED
2018-01-08 00:00:00,2018-01-21 00:00:00,INCOMPLETE,1013,3176718735,EVALUATED
2018-04-18 00:00:00,2018-04-18 00:00:00,PASSED,272,3184238632,EVALUATED
2018-03-25 00:00:00,2018-04-07 00:00:00,PASSED,272,3165188753,EVALUATED
2018-04-14 00:00:00,2018-04-14 00:00:00,INCOMPLETE,272,3184238632,EVALUATED
2018-03-07 00:00:00,2018-03-20 00:00:00,INCOMPLETE,272,3165188753,EVALUATED
2018-01-25 00:00:00,2018-02-05 00:00:00,PASSED,272,3176718735,EVALUATED
2018-02-18 00:00:00,2018-03-04 00:00:00,INCOMPLETE,272,3165188753,EVALUATED
2018-02-04 00:00:00,2018-02-18 00:00:00,PASSED,272,3168208620,EVALUATED
2018-04-15 00:00:00,2018-04-15 00:00:00,INCOMPLETE,272,3184238632,EVALUATED
2018-03-22 00:00:00,2018-04-01 00:00:00,PASSED,272,3174288624,EVALUATED
2018-01-14 00:00:00,2018-01-22 00:00:00,INCOMPLETE,272,3176718735,EVALUATED
2018-06-21 00:00:00,2018-06-21 00:00:00,PASSED,91,3168208620,EVALUATED
2017-12-25 00:00:00,2018-01-07 00:00:00,PASSED,91,3176718735,EVALUATED
2018-03-17 00:00:00,2018-03-17 00:00:00,INCOMPLETE,5,3176718735,EVALUATED
2018-03-05 00:00:00,2018-03-16 00:00:00,UNGRADED,5,3176718735,EVALUATED
2018-04-11 00:00:00,2018-04-14 00:00:00,PASSED,5,3176718735,EVALUATED
2018-04-09 00:00:00,2018-04-09 00:00:00,INCOMPLETE,5,3176718735,EVALUATED
2018-05-25 00:00:00,2018-05-31 00:00:00,INCOMPLETE,157,3165188753,EVALUATED
2018-01-03 00:00:00,2018-01-14 00:00:00,PASSED,157,3176718735,EVALUATED
2018-03-29 00:00:00,2018-04-09 00:00:00,INCOMPLETE,157,3168208620,EVALUATED
2018-07-09 00:00:00,2018-07-09 00:00:00,PASSED,631,3176718735,EVALUATED
2018-07-05 00:00:00,2018-07-05 00:00:00,INCOMPLETE,631,3176718735,EVALUATED
2018-07-05 00:00:00,2018-07-06 00:00:00,PASSED,477,3168208620,EVALUATED
2018-07-02 00:00:00,2018-07-03 00:00:00,DISTINCTION,477,4180859007,EVALUATED
2018-05-13 00:00:00,2018-05-21 00:00:00,PASSED,477,3176718735,EVALUATED
2018-07-03 00:00:00,2018-07-03 00:00:00,INCOMPLETE,477,3168208620,EVALUATED
2018-05-03 00:00:00,2018-05-03 00:00:00,INCOMPLETE,477,3176718735,EVALUATED
2018-06-30 00:00:00,2018-06-30 00:00:00,INCOMPLETE,477,3168208620,EVALUATED
2018-05-09 00:00:00,2018-05-21 00:00:00,INCOMPLETE,477,3176718735,EVALUATED
2018-05-09 00:00:00,2018-05-21 00:00:00,INCOMPLETE,477,3176718735,EVALUATED
2018-01-11 00:00:00,2018-01-15 00:00:00,PASSED,185,3176718735,EVALUATED
2018-08-17 00:00:00,2018-08-18 00:00:00,INCOMPLETE,185,3165188753,EVALUATED
2018-07-17 00:00:00,2018-07-17 00:00:00,PASSED,185,3168208620,EVALUATED
2018-07-13 00:00:00,2018-07-13 00:00:00,INCOMPLETE,185,3168208620,EVALUATED
2018-07-18 00:00:00,2018-07-19 00:00:00,PASSED,185,4576183932,EVALUATED
2018-07-17 00:00:00,2018-07-17 00:00:00,INCOMPLETE,185,3168208620,EVALUATED
2018-08-26 00:00:00,2018-08-27 00:00:00,PASSED,185,3165188753,EVALUATED
2018-08-24 00:00:00,2018-08-24 00:00:00,INCOMPLETE,185,3165188753,EVALUATED
2017-11-30 00:00:00,2017-12-03 00:00:00,PASSED,72,3168208620,EVALUATED
2018-02-21 00:00:00,2018-02-28 00:00:00,INCOMPLETE,72,3165188753,EVALUATED
2018-03-29 00:00:00,2018-04-03 00:00:00,PASSED,72,3165188753,EVALUATED
2017-11-22 00:00:00,2017-12-01 00:00:00,PASSED,72,3176718735,EVALUATED
2018-01-12 00:00:00,2018-01-23 00:00:00,INCOMPLETE,181,3176718735,EVALUATED
2018-03-10 00:00:00,2018-03-20 00:00:00,PASSED,181,3176718735,EVALUATED
2018-08-22 00:00:00,2018-08-23 00:00:00,PASSED,525,3174288624,EVALUATED
2018-07-05 00:00:00,2018-07-05 00:00:00,INCOMPLETE,525,3174288624,EVALUATED
2018-04-07 00:00:00,2018-04-07 00:00:00,PASSED,525,3165188753,EVALUATED
2017-12-29 00:00:00,2018-01-09 00:00:00,PASSED,525,3176718735,EVALUATED
2018-07-10 00:00:00,2018-07-16 00:00:00,INCOMPLETE,525,3174288624,EVALUATED
2018-03-20 00:00:00,2018-03-27 00:00:00,INCOMPLETE,525,3165188753,EVALUATED
2018-01-26 00:00:00,2018-02-07 00:00:00,PASSED,525,3168208620,EVALUATED
2018-04-01 00:00:00,2018-04-05 00:00:00,INCOMPLETE,525,3165188753,EVALUATED
2018-04-16 00:00:00,2018-04-16 00:00:00,PASSED,634,3176718735,EVALUATED
2018-04-07 00:00:00,2018-04-13 00:00:00,PASSED,634,3168208620,EVALUATED
2018-02-01 00:00:00,2018-02-16 00:00:00,INCOMPLETE,634,3176718735,EVALUATED
2018-04-15 00:00:00,2018-04-15 00:00:00,INCOMPLETE,634,3176718735,EVALUATED
2018-03-29 00:00:00,2018-04-13 00:00:00,INCOMPLETE,634,3176718735,EVALUATED
2018-03-29 00:00:00,2018-03-31 00:00:00,UNGRADED,634,3176718735,EVALUATED
2018-03-29 00:00:00,2018-04-07 00:00:00,UNGRADED,634,3168208620,EVALUATED
2018-05-04 00:00:00,2018-05-04 00:00:00,INCOMPLETE,217,3168208620,EVALUATED
2018-01-12 00:00:00,2018-01-23 00:00:00,PASSED,217,3176718735,EVALUATED
2018-06-30 00:00:00,2018-06-30 00:00:00,INCOMPLETE,217,3165188753,EVALUATED
2018-05-05 00:00:00,2018-05-06 00:00:00,PASSED,217,3168208620,EVALUATED
2018-07-07 00:00:00,2018-07-08 00:00:00,PASSED,217,3165188753,EVALUATED
2018-03-08 00:00:00,2018-03-19 00:00:00,INCOMPLETE,101,3168208620,EVALUATED
2018-04-05 00:00:00,2018-04-13 00:00:00,PASSED,101,3168208620,EVALUATED
2018-01-03 00:00:00,2018-01-15 00:00:00,PASSED,101,3176718735,EVALUATED
2017-12-16 00:00:00,2017-12-30 00:00:00,INCOMPLETE,101,3176718735,EVALUATED
2018-06-05 00:00:00,2018-06-05 00:00:00,INCOMPLETE,532,3184238632,EVALUATED
2018-04-27 00:00:00,2018-04-27 00:00:00,INCOMPLETE,532,3165188753,EVALUATED
2018-04-08 00:00:00,2018-04-08 00:00:00,INCOMPLETE,532,3176718735,EVALUATED
2018-03-27 00:00:00,2018-03-30 00:00:00,INCOMPLETE,532,3168208620,EVALUATED
2018-06-06 00:00:00,2018-06-07 00:00:00,INCOMPLETE,532,3184238632,EVALUATED
2018-05-08 00:00:00,2018-05-21 00:00:00,PASSED,532,3174288624,EVALUATED
2018-03-31 00:00:00,2018-04-07 00:00:00,INCOMPLETE,532,3176718735,EVALUATED
2018-04-09 00:00:00,2018-04-13 00:00:00,PASSED,532,3176718735,EVALUATED
2018-06-01 00:00:00,2018-06-05 00:00:00,INCOMPLETE,532,3184238632,EVALUATED
2018-04-28 00:00:00,2018-04-28 00:00:00,PASSED,532,3165188753,EVALUATED
2018-02-23 00:00:00,2018-02-26 00:00:00,INCOMPLETE,532,3176718735,EVALUATED
2018-06-07 00:00:00,2018-06-08 00:00:00,PASSED,532,3184238632,EVALUATED
2018-04-23 00:00:00,2018-04-24 00:00:00,INCOMPLETE,532,3165188753,EVALUATED
2018-04-08 00:00:00,2018-04-13 00:00:00,PASSED,532,3168208620,EVALUATED
2018-04-03 00:00:00,2018-04-06 00:00:00,INCOMPLETE,532,3168208620,EVALUATED
2018-07-17 00:00:00,2018-07-17 00:00:00,PASSED,191,3176718735,EVALUATED
2018-01-12 00:00:00,2018-01-23 00:00:00,INCOMPLETE,191,3176718735,EVALUATED
2018-07-16 00:00:00,2018-07-17 00:00:00,PASSED,191,3165188753,EVALUATED
2018-03-28 00:00:00,2018-04-09 00:00:00,INCOMPLETE,191,3168208620,EVALUATED
2018-07-15 00:00:00,2018-07-16 00:00:00,INCOMPLETE,191,3176718735,EVALUATED
2018-07-13 00:00:00,2018-07-16 00:00:00,INCOMPLETE,191,3165188753,EVALUATED
2018-07-14 00:00:00,2018-07-15 00:00:00,PASSED,191,3168208620,EVALUATED
2018-06-29 00:00:00,2018-06-30 00:00:00,INCOMPLETE,191,3165188753,EVALUATED
2018-07-25 00:00:00,2018-07-26 00:00:00,INCOMPLETE,444,3176718735,EVALUATED
2018-07-31 00:00:00,2018-08-01 00:00:00,PASSED,444,3176718735,EVALUATED
2018-07-26 00:00:00,2018-07-27 00:00:00,INCOMPLETE,444,3176718735,EVALUATED
2018-06-01 00:00:00,2018-06-01 00:00:00,INCOMPLETE,119,3176718735,EVALUATED
2018-06-12 00:00:00,2018-06-12 00:00:00,PASSED,119,3176718735,EVALUATED
2018-06-08 00:00:00,2018-06-08 00:00:00,INCOMPLETE,119,3176718735,EVALUATED
2018-05-04 00:00:00,2018-05-04 00:00:00,PASSED,528,3176718735,EVALUATED
2018-07-06 00:00:00,2018-07-06 00:00:00,PASSED,338,3176718735,EVALUATED
2018-07-06 00:00:00,2018-07-06 00:00:00,INCOMPLETE,338,3176718735,EVALUATED
2018-04-12 00:00:00,2018-04-13 00:00:00,INCOMPLETE,339,3168208620,EVALUATED
2018-05-02 00:00:00,2018-05-03 00:00:00,INCOMPLETE,339,3168208620,EVALUATED
2018-01-12 00:00:00,2018-01-22 00:00:00,PASSED,339,3176718735,EVALUATED
2017-12-02 00:00:00,2017-12-16 00:00:00,INCOMPLETE,577,3176718735,EVALUATED
2018-03-04 00:00:00,2018-03-14 00:00:00,PASSED,577,3168208620,EVALUATED
2017-12-22 00:00:00,2018-01-08 00:00:00,PASSED,577,3176718735,EVALUATED
2018-01-26 00:00:00,2018-02-05 00:00:00,PASSED,640,3176718735,EVALUATED
2018-01-15 00:00:00,2018-01-17 00:00:00,INCOMPLETE,640,3176718735,EVALUATED
2018-01-12 00:00:00,2018-01-13 00:00:00,INCOMPLETE,25,3176718735,EVALUATED
2018-01-30 00:00:00,2018-01-31 00:00:00,PASSED,25,3176718735,EVALUATED
2018-01-22 00:00:00,2018-01-30 00:00:00,UNGRADED,25,3176718735,EVALUATED
2018-08-01 00:00:00,2018-08-01 00:00:00,PASSED,25,3168208620,EVALUATED
2018-07-29 00:00:00,2018-07-29 00:00:00,INCOMPLETE,25,3168208620,EVALUATED
2018-04-01 00:00:00,2018-04-13 00:00:00,PASSED,141,3176718735,EVALUATED
2018-08-02 00:00:00,2018-08-03 00:00:00,INCOMPLETE,524,3176718735,EVALUATED
2018-08-07 00:00:00,2018-08-07 00:00:00,PASSED,524,3176718735,EVALUATED
2017-12-24 00:00:00,2018-01-07 00:00:00,INCOMPLETE,367,3176718735,EVALUATED
2018-01-12 00:00:00,2018-01-24 00:00:00,INCOMPLETE,367,3176718735,EVALUATED
2018-03-11 00:00:00,2018-03-25 00:00:00,PASSED,367,3176718735,EVALUATED
2018-03-02 00:00:00,2018-03-13 00:00:00,INCOMPLETE,367,3168208620,EVALUATED
2018-06-10 00:00:00,2018-06-11 00:00:00,PASSED,563,3184238632,EVALUATED
2018-05-15 00:00:00,2018-05-21 00:00:00,PASSED,563,3165188753,EVALUATED
2018-03-27 00:00:00,2018-04-09 00:00:00,PASSED,563,3176718735,EVALUATED
2018-05-28 00:00:00,2018-06-07 00:00:00,INCOMPLETE,563,3184238632,EVALUATED
2018-05-29 00:00:00,2018-05-29 00:00:00,PASSED,563,3174288624,EVALUATED
2018-04-23 00:00:00,2018-04-24 00:00:00,INCOMPLETE,563,3165188753,EVALUATED
2018-02-01 00:00:00,2018-02-24 00:00:00,INCOMPLETE,563,3176718735,EVALUATED
2018-05-25 00:00:00,2018-05-26 00:00:00,INCOMPLETE,563,3174288624,EVALUATED
2018-05-25 00:00:00,2018-05-26 00:00:00,INCOMPLETE,563,3184238632,EVALUATED
2018-03-23 00:00:00,2018-03-27 00:00:00,PASSED,563,3168208620,EVALUATED
2018-07-15 00:00:00,2018-07-16 00:00:00,PASSED,79,3165188753,EVALUATED
2018-02-21 00:00:00,2018-03-02 00:00:00,PASSED,79,3176718735,EVALUATED
2018-01-29 00:00:00,2018-02-13 00:00:00,INCOMPLETE,79,3176718735,EVALUATED
2018-06-28 00:00:00,2018-06-28 00:00:00,INCOMPLETE,79,3165188753,EVALUATED
2018-05-25 00:00:00,2018-05-29 00:00:00,INCOMPLETE,79,3165188753,EVALUATED
2018-03-30 00:00:00,2018-04-11 00:00:00,DISTINCTION,79,3168208620,EVALUATED
2018-07-13 00:00:00,2018-07-13 00:00:00,INCOMPLETE,79,3165188753,EVALUATED
2018-03-21 00:00:00,2018-03-21 00:00:00,INCOMPLETE,134,3176718735,EVALUATED
2018-03-06 00:00:00,2018-03-20 00:00:00,INCOMPLETE,134,3176718735,EVALUATED
2018-02-20 00:00:00,2018-02-24 00:00:00,INCOMPLETE,134,3176718735,EVALUATED
2018-05-06 00:00:00,2018-05-21 00:00:00,PASSED,134,3176718735,EVALUATED
2018-05-05 00:00:00,2018-05-05 00:00:00,INCOMPLETE,134,3176718735,EVALUATED
2018-04-01 00:00:00,2018-04-03 00:00:00,INCOMPLETE,134,3176718735,EVALUATED
2018-04-08 00:00:00,2018-04-13 00:00:00,PASSED,397,3168208620,EVALUATED
2018-06-27 00:00:00,2018-06-27 00:00:00,INCOMPLETE,397,3165188753,EVALUATED
2018-02-28 00:00:00,2018-03-11 00:00:00,PASSED,397,3176718735,EVALUATED
2018-02-13 00:00:00,2018-02-24 00:00:00,INCOMPLETE,397,3176718735,EVALUATED
2018-07-01 00:00:00,2018-07-01 00:00:00,PASSED,397,3165188753,EVALUATED
2018-01-31 00:00:00,2018-02-10 00:00:00,INCOMPLETE,397,3176718735,EVALUATED
2018-04-05 00:00:00,2018-04-05 00:00:00,INCOMPLETE,147,3176718735,EVALUATED
2018-01-14 00:00:00,2018-01-28 00:00:00,PASSED,147,3168208620,EVALUATED
2018-04-17 00:00:00,2018-04-17 00:00:00,PASSED,147,3176718735,EVALUATED
2018-04-17 00:00:00,2018-04-17 00:00:00,INCOMPLETE,147,3176718735,EVALUATED
2018-04-14 00:00:00,2018-04-15 00:00:00,INCOMPLETE,147,3176718735,EVALUATED
2017-12-20 00:00:00,2017-12-31 00:00:00,INCOMPLETE,147,3168208620,EVALUATED
2018-04-17 00:00:00,2018-04-17 00:00:00,INCOMPLETE,147,3176718735,EVALUATED
2018-04-16 00:00:00,2018-04-16 00:00:00,INCOMPLETE,147,3176718735,EVALUATED
2018-07-27 00:00:00,2018-07-27 00:00:00,INCOMPLETE,147,3165188753,EVALUATED
2018-04-16 00:00:00,2018-04-16 00:00:00,INCOMPLETE,147,3176718735,EVALUATED
2018-06-13 00:00:00,2018-06-19 00:00:00,PASSED,193,3174288624,EVALUATED
2018-04-30 00:00:00,2018-05-01 00:00:00,PASSED,193,3168208620,EVALUATED
2018-04-14 00:00:00,2018-04-17 00:00:00,INCOMPLETE,193,3168208620,EVALUATED
2018-05-22 00:00:00,2018-05-22 00:00:00,PASSED,193,3165188753,EVALUATED
2018-05-22 00:00:00,2018-05-22 00:00:00,INCOMPLETE,193,3165188753,EVALUATED
2018-05-20 00:00:00,2018-05-21 00:00:00,INCOMPLETE,193,3165188753,EVALUATED
2018-04-20 00:00:00,2018-04-20 00:00:00,PASSED,193,3176718735,EVALUATED
2018-03-08 00:00:00,2018-03-23 00:00:00,UNGRADED,193,3176718735,EVALUATED
2018-04-22 00:00:00,2018-04-28 00:00:00,INCOMPLETE,193,3168208620,EVALUATED
2018-04-15 00:00:00,2018-04-15 00:00:00,INCOMPLETE,193,3176718735,EVALUATED
2018-02-01 00:00:00,2018-02-12 00:00:00,INCOMPLETE,193,3176718735,EVALUATED
2018-05-21 00:00:00,2018-05-21 00:00:00,INCOMPLETE,193,3165188753,EVALUATED
2018-04-15 00:00:00,2018-04-16 00:00:00,INCOMPLETE,193,3176718735,EVALUATED
2018-08-14 00:00:00,2018-08-16 00:00:00,PASSED,193,3184238632,EVALUATED
2018-04-16 00:00:00,2018-04-16 00:00:00,INCOMPLETE,193,3168208620,EVALUATED
2018-05-28 00:00:00,2018-05-28 00:00:00,PASSED,347,3176718735,EVALUATED
2018-05-25 00:00:00,2018-05-25 00:00:00,INCOMPLETE,347,3176718735,EVALUATED
2018-05-20 00:00:00,2018-05-21 00:00:00,INCOMPLETE,347,3176718735,EVALUATED
2018-08-19 00:00:00,2018-08-19 00:00:00,PASSED,347,3168208620,EVALUATED
2018-01-30 00:00:00,2018-02-12 00:00:00,INCOMPLETE,347,3176718735,EVALUATED
2018-07-02 00:00:00,2018-07-03 00:00:00,PASSED,97,3176718735,EVALUATED
2018-07-01 00:00:00,2018-07-01 00:00:00,INCOMPLETE,97,3176718735,EVALUATED
2018-07-02 00:00:00,2018-07-02 00:00:00,INCOMPLETE,97,3176718735,EVALUATED
2018-08-18 00:00:00,2018-08-18 00:00:00,INCOMPLETE,97,3168208620,EVALUATED
2018-06-28 00:00:00,2018-06-28 00:00:00,INCOMPLETE,97,3176718735,EVALUATED
2018-08-26 00:00:00,2018-08-26 00:00:00,PASSED,97,3168208620,EVALUATED
2018-02-24 00:00:00,2018-03-10 00:00:00,PASSED,93,3165188753,EVALUATED
2018-02-03 00:00:00,2018-02-24 00:00:00,PASSED,93,3176718735,EVALUATED
2018-01-28 00:00:00,2018-02-02 00:00:00,INCOMPLETE,93,3176718735,EVALUATED
2018-03-22 00:00:00,2018-03-25 00:00:00,INCOMPLETE,418,3176718735,EVALUATED
2018-03-08 00:00:00,2018-03-16 00:00:00,INCOMPLETE,418,3176718735,EVALUATED
2018-06-29 00:00:00,2018-06-29 00:00:00,INCOMPLETE,418,3165188753,EVALUATED
2018-05-04 00:00:00,2018-05-04 00:00:00,PASSED,418,3168208620,EVALUATED
2018-04-29 00:00:00,2018-04-30 00:00:00,PASSED,418,3176718735,EVALUATED
2018-04-09 00:00:00,2018-04-09 00:00:00,INCOMPLETE,418,3176718735,EVALUATED
2018-04-08 00:00:00,2018-04-08 00:00:00,INCOMPLETE,418,3176718735,EVALUATED
2018-06-25 00:00:00,2018-06-25 00:00:00,PASSED,521,3176718735,EVALUATED
2018-06-04 00:00:00,2018-06-04 00:00:00,INCOMPLETE,521,3176718735,EVALUATED
2018-06-24 00:00:00,2018-06-24 00:00:00,INCOMPLETE,521,3176718735,EVALUATED
2018-06-19 00:00:00,2018-06-19 00:00:00,INCOMPLETE,521,3176718735,EVALUATED
2018-06-04 00:00:00,2018-06-04 00:00:00,INCOMPLETE,521,3168208620,EVALUATED
2018-06-24 00:00:00,2018-06-24 00:00:00,INCOMPLETE,521,3176718735,EVALUATED
2018-06-24 00:00:00,2018-06-24 00:00:00,PASSED,521,3168208620,EVALUATED
2018-05-19 00:00:00,2018-05-21 00:00:00,INCOMPLETE,521,3176718735,EVALUATED
2018-04-14 00:00:00,2018-04-14 00:00:00,INCOMPLETE,521,3176718735,EVALUATED
2018-03-17 00:00:00,2018-03-26 00:00:00,INCOMPLETE,1033,3176718735,EVALUATED
2018-06-01 00:00:00,2018-06-02 00:00:00,INCOMPLETE,1033,3168208620,EVALUATED
2018-04-03 00:00:00,2018-04-06 00:00:00,INCOMPLETE,1033,3176718735,EVALUATED
2018-03-03 00:00:00,2018-03-10 00:00:00,PASSED,142,3176718735,EVALUATED
2018-06-13 00:00:00,2018-06-14 00:00:00,INCOMPLETE,142,3165188753,EVALUATED
2018-06-10 00:00:00,2018-06-10 00:00:00,INCOMPLETE,142,3165188753,EVALUATED
2018-03-17 00:00:00,2018-03-30 00:00:00,INCOMPLETE,142,3168208620,EVALUATED
2018-06-14 00:00:00,2018-06-14 00:00:00,PASSED,142,3165188753,EVALUATED
2018-04-15 00:00:00,2018-04-15 00:00:00,PASSED,142,3168208620,EVALUATED
2018-04-03 00:00:00,2018-04-05 00:00:00,INCOMPLETE,108,3174288624,EVALUATED
2018-03-21 00:00:00,2018-03-24 00:00:00,PASSED,108,3176718735,EVALUATED
2018-03-21 00:00:00,2018-03-30 00:00:00,INCOMPLETE,108,3165188753,EVALUATED
2018-04-23 00:00:00,2018-04-23 00:00:00,PASSED,108,3174288624,EVALUATED
2018-04-17 00:00:00,2018-04-17 00:00:00,PASSED,108,3168208620,EVALUATED
2018-04-05 00:00:00,2018-04-06 00:00:00,PASSED,108,3165188753,EVALUATED
2018-04-20 00:00:00,2018-04-20 00:00:00,PASSED,108,3184238632,EVALUATED
2018-04-14 00:00:00,2018-04-14 00:00:00,INCOMPLETE,108,3184238632,EVALUATED
2018-03-06 00:00:00,2018-03-10 00:00:00,UNGRADED,108,3165188753,EVALUATED
2018-02-18 00:00:00,2018-02-23 00:00:00,INCOMPLETE,108,3176718735,EVALUATED
2018-02-15 00:00:00,2018-02-24 00:00:00,INCOMPLETE,792,3176718735,EVALUATED
2018-04-04 00:00:00,2018-04-10 00:00:00,INCOMPLETE,792,3176718735,EVALUATED
2018-02-10 00:00:00,2018-02-21 00:00:00,PASSED,197,3176718735,EVALUATED
2018-04-21 00:00:00,2018-04-21 00:00:00,PASSED,197,3168208620,EVALUATED
2018-03-08 00:00:00,2018-03-16 00:00:00,INCOMPLETE,467,3176718735,EVALUATED
2018-03-29 00:00:00,2018-03-31 00:00:00,PASSED,467,3176718735,EVALUATED
2018-05-11 00:00:00,2018-05-21 00:00:00,INCOMPLETE,171,3174288624,EVALUATED
2018-06-07 00:00:00,2018-06-09 00:00:00,PASSED,171,3184238632,EVALUATED
2018-04-10 00:00:00,2018-04-10 00:00:00,INCOMPLETE,171,3168208620,EVALUATED
2018-05-30 00:00:00,2018-06-04 00:00:00,INCOMPLETE,171,3184238632,EVALUATED
2018-05-12 00:00:00,2018-05-21 00:00:00,PASSED,171,3174288624,EVALUATED
2018-04-29 00:00:00,2018-04-30 00:00:00,INCOMPLETE,171,3165188753,EVALUATED
2018-03-20 00:00:00,2018-03-30 00:00:00,INCOMPLETE,171,3176718735,EVALUATED
2018-04-30 00:00:00,2018-04-30 00:00:00,PASSED,171,3165188753,EVALUATED
2018-04-23 00:00:00,2018-04-28 00:00:00,INCOMPLETE,171,3165188753,EVALUATED
2018-04-01 00:00:00,2018-04-13 00:00:00,PASSED,171,3176718735,EVALUATED
2018-04-11 00:00:00,2018-04-13 00:00:00,PASSED,171,3168208620,EVALUATED
2018-04-08 00:00:00,2018-04-08 00:00:00,INCOMPLETE,171,3168208620,EVALUATED
2018-05-18 00:00:00,2018-05-21 00:00:00,PASSED,251,3176718735,EVALUATED
2018-05-16 00:00:00,2018-05-21 00:00:00,INCOMPLETE,251,3176718735,EVALUATED
2018-05-14 00:00:00,2018-05-21 00:00:00,INCOMPLETE,251,3176718735,EVALUATED
2018-05-09 00:00:00,2018-05-21 00:00:00,INCOMPLETE,251,3176718735,EVALUATED
2018-04-06 00:00:00,2018-04-13 00:00:00,PASSED,143,3176718735,EVALUATED
2018-08-10 00:00:00,2018-08-11 00:00:00,INCOMPLETE,136,3168208620,EVALUATED
2018-08-12 00:00:00,2018-08-12 00:00:00,PASSED,136,3168208620,EVALUATED
2018-05-04 00:00:00,2018-05-04 00:00:00,INCOMPLETE,136,3176718735,EVALUATED
2018-05-06 00:00:00,2018-05-21 00:00:00,PASSED,136,3176718735,EVALUATED
2018-07-31 00:00:00,2018-08-01 00:00:00,INCOMPLETE,136,3168208620,EVALUATED
2018-05-06 00:00:00,2018-05-06 00:00:00,INCOMPLETE,136,3176718735,EVALUATED
2018-08-11 00:00:00,2018-08-11 00:00:00,INCOMPLETE,136,3168208620,EVALUATED
2018-05-05 00:00:00,2018-05-05 00:00:00,INCOMPLETE,190,3176718735,EVALUATED
2018-05-05 00:00:00,2018-05-05 00:00:00,PASSED,190,3176718735,EVALUATED
2018-02-10 00:00:00,2018-02-24 00:00:00,INCOMPLETE,31,3176718735,EVALUATED
2018-07-08 00:00:00,2018-07-09 00:00:00,PASSED,31,3168208620,EVALUATED
2018-01-10 00:00:00,2018-01-22 00:00:00,INCOMPLETE,31,3176718735,EVALUATED
2018-07-07 00:00:00,2018-07-08 00:00:00,INCOMPLETE,31,3168208620,EVALUATED
2018-07-08 00:00:00,2018-07-08 00:00:00,INCOMPLETE,31,3168208620,EVALUATED
2018-04-22 00:00:00,2018-04-24 00:00:00,PASSED,31,3176718735,EVALUATED
2018-06-01 00:00:00,2018-06-07 00:00:00,INCOMPLETE,229,3184238632,EVALUATED
2018-03-09 00:00:00,2018-03-19 00:00:00,PASSED,229,3168208620,EVALUATED
2018-06-08 00:00:00,2018-06-08 00:00:00,PASSED,229,3184238632,EVALUATED
2018-03-23 00:00:00,2018-04-06 00:00:00,INCOMPLETE,229,3165188753,EVALUATED
2018-05-26 00:00:00,2018-06-01 00:00:00,INCOMPLETE,229,3184238632,EVALUATED
2018-05-15 00:00:00,2018-05-21 00:00:00,INCOMPLETE,229,3184238632,EVALUATED
2018-05-14 00:00:00,2018-05-21 00:00:00,INCOMPLETE,229,3184238632,EVALUATED
2018-04-28 00:00:00,2018-04-29 00:00:00,PASSED,229,3174288624,EVALUATED
2018-04-10 00:00:00,2018-04-10 00:00:00,PASSED,229,3165188753,EVALUATED
2018-04-08 00:00:00,2018-04-10 00:00:00,INCOMPLETE,229,3165188753,EVALUATED
2018-01-28 00:00:00,2018-02-12 00:00:00,PASSED,229,3176718735,EVALUATED
2018-08-26 00:00:00,,,500,3165188753,CREATED
2018-06-01 00:00:00,2018-06-02 00:00:00,INCOMPLETE,500,3168208620,EVALUATED
2018-05-31 00:00:00,2018-05-31 00:00:00,INCOMPLETE,500,3168208620,EVALUATED
2018-05-28 00:00:00,2018-05-30 00:00:00,INCOMPLETE,500,3168208620,EVALUATED
2018-06-03 00:00:00,2018-06-03 00:00:00,PASSED,500,3168208620,EVALUATED
2018-04-05 00:00:00,2018-04-13 00:00:00,PASSED,500,3176718735,EVALUATED
2018-02-02 00:00:00,2018-02-14 00:00:00,PASSED,60,3176718735,EVALUATED
2018-02-01 00:00:00,2018-02-11 00:00:00,INCOMPLETE,1139,3176718735,EVALUATED
2018-01-16 00:00:00,2018-01-27 00:00:00,UNGRADED,1139,3176718735,EVALUATED
2018-05-01 00:00:00,2018-05-13 00:00:00,INCOMPLETE,132,4110338963,EVALUATED
2018-04-14 00:00:00,2018-04-14 00:00:00,INCOMPLETE,132,3174288624,EVALUATED
2018-04-03 00:00:00,2018-04-05 00:00:00,PASSED,132,3165188753,EVALUATED
2018-03-26 00:00:00,2018-04-01 00:00:00,PASSED,132,3176718735,EVALUATED
2018-03-28 00:00:00,2018-04-03 00:00:00,PASSED,132,3168208620,EVALUATED
2018-03-13 00:00:00,2018-03-17 00:00:00,INCOMPLETE,132,3176718735,EVALUATED
2018-05-19 00:00:00,2018-05-26 00:00:00,PASSED,132,4110338963,EVALUATED
2018-05-12 00:00:00,2018-05-21 00:00:00,PASSED,132,3184238632,EVALUATED
2018-04-14 00:00:00,2018-04-15 00:00:00,PASSED,132,3174288624,EVALUATED
2018-05-13 00:00:00,2018-05-21 00:00:00,INCOMPLETE,132,4110338963,EVALUATED
2018-05-09 00:00:00,2018-05-21 00:00:00,INCOMPLETE,132,3184238632,EVALUATED
2018-05-31 00:00:00,2018-05-31 00:00:00,PASSED,259,3176718735,EVALUATED
2018-05-23 00:00:00,2018-05-23 00:00:00,INCOMPLETE,259,3176718735,EVALUATED
2018-06-07 00:00:00,2018-06-07 00:00:00,PASSED,113,3176718735,EVALUATED
2018-06-05 00:00:00,2018-06-05 00:00:00,INCOMPLETE,113,3176718735,EVALUATED
2018-06-01 00:00:00,2018-06-02 00:00:00,INCOMPLETE,113,3176718735,EVALUATED
2018-06-04 00:00:00,2018-06-04 00:00:00,INCOMPLETE,113,3176718735,EVALUATED
2018-06-23 00:00:00,2018-06-23 00:00:00,INCOMPLETE,42,3168208620,EVALUATED
2018-08-21 00:00:00,2018-08-23 00:00:00,PASSED,42,3165188753,EVALUATED
2018-05-04 00:00:00,2018-05-04 00:00:00,PASSED,42,3176718735,EVALUATED
2018-06-23 00:00:00,2018-06-24 00:00:00,PASSED,42,3168208620,EVALUATED
2018-08-09 00:00:00,2018-08-09 00:00:00,PASSED,426,4110338963,EVALUATED
2018-08-07 00:00:00,2018-08-08 00:00:00,INCOMPLETE,426,4110338963,EVALUATED
2018-08-06 00:00:00,2018-08-06 00:00:00,INCOMPLETE,426,4110338963,EVALUATED
2018-07-29 00:00:00,2018-08-06 00:00:00,INCOMPLETE,426,4110338963,EVALUATED
2018-06-29 00:00:00,2018-06-29 00:00:00,PASSED,426,3174288624,EVALUATED
2018-05-25 00:00:00,2018-05-25 00:00:00,INCOMPLETE,426,3168208620,EVALUATED
2018-08-09 00:00:00,2018-08-09 00:00:00,INCOMPLETE,426,4110338963,EVALUATED
2018-05-25 00:00:00,2018-05-25 00:00:00,PASSED,426,3168208620,EVALUATED
2018-06-28 00:00:00,2018-06-28 00:00:00,INCOMPLETE,426,3174288624,EVALUATED
2018-06-14 00:00:00,2018-06-14 00:00:00,PASSED,426,3165188753,EVALUATED
2018-05-25 00:00:00,2018-05-25 00:00:00,PASSED,426,3176718735,EVALUATED
2018-06-12 00:00:00,2018-06-13 00:00:00,INCOMPLETE,426,3165188753,EVALUATED
2018-05-18 00:00:00,2018-05-21 00:00:00,INCOMPLETE,426,3176718735,EVALUATED
2018-07-14 00:00:00,2018-07-15 00:00:00,PASSED,426,3184238632,EVALUATED
2018-07-10 00:00:00,2018-07-11 00:00:00,INCOMPLETE,426,3184238632,EVALUATED
2018-05-25 00:00:00,2018-05-25 00:00:00,INCOMPLETE,426,3168208620,EVALUATED
2018-05-25 00:00:00,2018-05-25 00:00:00,INCOMPLETE,426,3176718735,EVALUATED
2018-05-19 00:00:00,2018-05-21 00:00:00,PASSED,76,3168208620,EVALUATED
2018-05-12 00:00:00,2018-05-21 00:00:00,INCOMPLETE,76,3168208620,EVALUATED
2018-03-10 00:00:00,2018-03-25 00:00:00,PASSED,76,3176718735,EVALUATED
2018-05-27 00:00:00,2018-05-27 00:00:00,INCOMPLETE,388,3168208620,EVALUATED
2018-05-29 00:00:00,2018-05-30 00:00:00,PASSED,388,3168208620,EVALUATED
2018-02-23 00:00:00,2018-03-02 00:00:00,PASSED,388,3176718735,EVALUATED
2018-04-16 00:00:00,2018-04-18 00:00:00,PASSED,597,3165188753,EVALUATED
2018-02-22 00:00:00,2018-03-06 00:00:00,PASSED,597,3168208620,EVALUATED
2018-01-22 00:00:00,2018-02-06 00:00:00,PASSED,597,3176718735,EVALUATED
2018-04-22 00:00:00,2018-04-22 00:00:00,PASSED,597,3174288624,EVALUATED
2018-05-10 00:00:00,2018-05-21 00:00:00,INCOMPLETE,597,3184238632,EVALUATED
2018-04-14 00:00:00,2018-04-15 00:00:00,INCOMPLETE,597,3165188753,EVALUATED
2018-05-12 00:00:00,2018-05-21 00:00:00,PASSED,597,3184238632,EVALUATED
2018-04-11 00:00:00,2018-04-13 00:00:00,INCOMPLETE,597,3165188753,EVALUATED
2018-07-17 00:00:00,2018-07-17 00:00:00,PASSED,78,3168208620,EVALUATED
2018-02-02 00:00:00,2018-02-02 00:00:00,UNGRADED,78,3176718735,EVALUATED
2018-07-15 00:00:00,2018-07-15 00:00:00,INCOMPLETE,78,3168208620,EVALUATED
2018-02-03 00:00:00,2018-02-17 00:00:00,PASSED,78,3176718735,EVALUATED
2018-03-09 00:00:00,2018-03-13 00:00:00,INCOMPLETE,670,3176718735,EVALUATED
2018-01-09 00:00:00,2018-01-22 00:00:00,PASSED,165,3176718735,EVALUATED
2018-07-14 00:00:00,2018-07-14 00:00:00,INCOMPLETE,227,3176718735,EVALUATED
2018-07-23 00:00:00,2018-07-23 00:00:00,PASSED,227,3176718735,EVALUATED
2017-12-01 00:00:00,2017-12-05 00:00:00,PASSED,227,3165188753,EVALUATED
2018-01-29 00:00:00,2018-02-12 00:00:00,PASSED,520,3176718735,EVALUATED
2018-01-13 00:00:00,2018-01-13 00:00:00,UNGRADED,520,3176718735,EVALUATED
2018-01-13 00:00:00,2018-01-27 00:00:00,INCOMPLETE,520,3176718735,EVALUATED
2018-06-14 00:00:00,2018-06-14 00:00:00,PASSED,465,3168208620,EVALUATED
2018-06-09 00:00:00,2018-06-12 00:00:00,INCOMPLETE,465,3168208620,EVALUATED
2018-04-08 00:00:00,2018-04-13 00:00:00,PASSED,465,3176718735,EVALUATED
2018-04-06 00:00:00,2018-04-07 00:00:00,INCOMPLETE,465,3176718735,EVALUATED
2018-06-01 00:00:00,2018-06-01 00:00:00,PASSED,423,3176718735,EVALUATED
2018-06-01 00:00:00,2018-06-01 00:00:00,INCOMPLETE,423,3176718735,EVALUATED
2018-06-01 00:00:00,2018-06-01 00:00:00,INCOMPLETE,404,3176718735,EVALUATED
2018-05-31 00:00:00,2018-05-31 00:00:00,INCOMPLETE,404,3176718735,EVALUATED
2018-06-02 00:00:00,2018-06-02 00:00:00,PASSED,404,3176718735,EVALUATED
2018-06-01 00:00:00,2018-06-01 00:00:00,INCOMPLETE,404,3176718735,EVALUATED
2018-06-08 00:00:00,2018-06-08 00:00:00,INCOMPLETE,706,3176718735,EVALUATED
2018-06-29 00:00:00,2018-06-29 00:00:00,INCOMPLETE,407,3176718735,EVALUATED
2018-07-01 00:00:00,2018-07-01 00:00:00,PASSED,407,3176718735,EVALUATED
2018-07-01 00:00:00,2018-07-01 00:00:00,INCOMPLETE,407,3176718735,EVALUATED
2018-07-28 00:00:00,2018-07-31 00:00:00,INCOMPLETE,777,3176718735,EVALUATED
2018-07-27 00:00:00,2018-07-28 00:00:00,INCOMPLETE,777,3176718735,EVALUATED
2018-05-11 00:00:00,2018-05-21 00:00:00,PASSED,651,3176718735,EVALUATED
2018-05-10 00:00:00,2018-05-21 00:00:00,INCOMPLETE,651,3176718735,EVALUATED
2018-05-11 00:00:00,2018-05-21 00:00:00,INCOMPLETE,651,3176718735,EVALUATED
2018-05-02 00:00:00,2018-05-02 00:00:00,INCOMPLETE,651,3176718735,EVALUATED
2018-05-08 00:00:00,2018-05-21 00:00:00,INCOMPLETE,651,3176718735,EVALUATED
2018-07-14 00:00:00,2018-07-14 00:00:00,INCOMPLETE,220,3168208620,EVALUATED
2018-06-01 00:00:00,2018-06-01 00:00:00,PASSED,220,3176718735,EVALUATED
2018-07-14 00:00:00,2018-07-14 00:00:00,PASSED,220,3168208620,EVALUATED
2018-05-27 00:00:00,2018-05-27 00:00:00,INCOMPLETE,220,3176718735,EVALUATED
2018-06-07 00:00:00,2018-06-07 00:00:00,PASSED,410,3176718735,EVALUATED
2018-06-02 00:00:00,2018-06-02 00:00:00,INCOMPLETE,410,3176718735,EVALUATED
2018-01-05 00:00:00,2018-01-16 00:00:00,PASSED,161,3168208620,EVALUATED
2018-03-12 00:00:00,2018-03-26 00:00:00,PASSED,161,3174288624,EVALUATED
2018-02-15 00:00:00,2018-02-28 00:00:00,INCOMPLETE,161,3165188753,EVALUATED
2018-03-06 00:00:00,2018-03-12 00:00:00,PASSED,161,3165188753,EVALUATED
2017-11-26 00:00:00,2017-12-01 00:00:00,PASSED,161,3176718735,EVALUATED
2018-04-21 00:00:00,2018-04-21 00:00:00,PASSED,161,3184238632,EVALUATED
2018-03-30 00:00:00,2018-03-30 00:00:00,PASSED,507,3176718735,EVALUATED
2018-03-24 00:00:00,2018-03-25 00:00:00,INCOMPLETE,507,3176718735,EVALUATED
2018-03-06 00:00:00,2018-03-07 00:00:00,PASSED,626,3176718735,EVALUATED
2018-03-06 00:00:00,2018-03-07 00:00:00,PASSED,626,3165188753,EVALUATED
2018-03-23 00:00:00,2018-04-04 00:00:00,INCOMPLETE,626,3184238632,EVALUATED
2018-03-06 00:00:00,2018-03-07 00:00:00,DISTINCTION,626,3168208620,EVALUATED
2018-04-11 00:00:00,2018-04-12 00:00:00,PASSED,626,3184238632,EVALUATED
2018-03-06 00:00:00,2018-03-07 00:00:00,PASSED,626,3174288624,EVALUATED
2018-03-06 00:00:00,2018-03-19 00:00:00,INCOMPLETE,626,3184238632,EVALUATED
2018-04-27 00:00:00,2018-04-29 00:00:00,INCOMPLETE,99,3168208620,EVALUATED
2018-03-11 00:00:00,2018-03-27 00:00:00,INCOMPLETE,99,3176718735,EVALUATED
2018-06-26 00:00:00,2018-06-27 00:00:00,INCOMPLETE,99,3174288624,EVALUATED
2018-05-29 00:00:00,2018-06-02 00:00:00,INCOMPLETE,99,3165188753,EVALUATED
2018-04-02 00:00:00,2018-04-13 00:00:00,PASSED,99,3176718735,EVALUATED
2018-07-16 00:00:00,2018-07-17 00:00:00,INCOMPLETE,99,3184238632,EVALUATED
2018-07-20 00:00:00,2018-07-20 00:00:00,PASSED,99,3184238632,EVALUATED
2018-06-02 00:00:00,2018-06-03 00:00:00,PASSED,99,3165188753,EVALUATED
2018-04-01 00:00:00,2018-04-02 00:00:00,INCOMPLETE,99,3176718735,EVALUATED
2018-06-28 00:00:00,2018-06-28 00:00:00,PASSED,99,3174288624,EVALUATED
2018-05-03 00:00:00,2018-05-04 00:00:00,PASSED,99,3168208620,EVALUATED
2018-06-28 00:00:00,2018-06-29 00:00:00,PASSED,203,3176718735,EVALUATED
2018-06-26 00:00:00,2018-06-26 00:00:00,INCOMPLETE,203,3176718735,EVALUATED
2018-08-18 00:00:00,2018-08-26 00:00:00,INCOMPLETE,643,3174288624,EVALUATED
2018-08-18 00:00:00,2018-08-18 00:00:00,UNGRADED,643,3174288624,EVALUATED
2018-08-17 00:00:00,2018-08-18 00:00:00,UNGRADED,643,3174288624,EVALUATED
2018-06-01 00:00:00,2018-06-04 00:00:00,INCOMPLETE,643,3165188753,EVALUATED
2018-05-05 00:00:00,2018-05-06 00:00:00,INCOMPLETE,643,3168208620,EVALUATED
2018-04-14 00:00:00,2018-04-14 00:00:00,INCOMPLETE,643,3176718735,EVALUATED
2018-08-25 00:00:00,2018-08-25 00:00:00,PASSED,643,3176718735,EVALUATED
2018-05-06 00:00:00,2018-05-06 00:00:00,PASSED,643,3168208620,EVALUATED
2018-04-10 00:00:00,2018-04-10 00:00:00,INCOMPLETE,643,3176718735,EVALUATED
2018-06-23 00:00:00,2018-06-23 00:00:00,INCOMPLETE,650,3184238632,EVALUATED
2018-06-02 00:00:00,2018-06-02 00:00:00,PASSED,650,3174288624,EVALUATED
2018-05-13 00:00:00,2018-05-21 00:00:00,PASSED,650,3165188753,EVALUATED
2018-04-29 00:00:00,2018-04-29 00:00:00,INCOMPLETE,650,3165188753,EVALUATED
2018-04-14 00:00:00,2018-04-15 00:00:00,PASSED,650,3176718735,EVALUATED
2018-03-26 00:00:00,2018-04-09 00:00:00,INCOMPLETE,650,3176718735,EVALUATED
2018-07-10 00:00:00,2018-07-15 00:00:00,PASSED,650,4582204201,EVALUATED
2018-07-09 00:00:00,2018-07-10 00:00:00,PASSED,650,3184238632,EVALUATED
2018-06-16 00:00:00,2018-06-19 00:00:00,INCOMPLETE,650,3184238632,EVALUATED
2018-05-06 00:00:00,2018-05-21 00:00:00,INCOMPLETE,650,3165188753,EVALUATED
2018-06-19 00:00:00,2018-06-19 00:00:00,INCOMPLETE,650,3184238632,EVALUATED
2018-03-16 00:00:00,2018-04-02 00:00:00,PASSED,650,3168208620,EVALUATED
2018-03-10 00:00:00,2018-03-24 00:00:00,INCOMPLETE,650,3176718735,EVALUATED
2018-05-30 00:00:00,2018-05-31 00:00:00,INCOMPLETE,650,3174288624,EVALUATED
2018-05-08 00:00:00,2018-05-21 00:00:00,INCOMPLETE,306,3176718735,EVALUATED
2018-05-11 00:00:00,2018-05-21 00:00:00,INCOMPLETE,306,3176718735,EVALUATED
2018-07-01 00:00:00,2018-07-01 00:00:00,PASSED,306,3168208620,EVALUATED
2018-05-06 00:00:00,2018-05-06 00:00:00,INCOMPLETE,306,3176718735,EVALUATED
2018-05-05 00:00:00,2018-05-05 00:00:00,INCOMPLETE,306,3176718735,EVALUATED
2018-06-26 00:00:00,2018-06-28 00:00:00,INCOMPLETE,306,3168208620,EVALUATED
2018-05-11 00:00:00,2018-05-21 00:00:00,PASSED,306,3176718735,EVALUATED
2018-05-07 00:00:00,2018-05-21 00:00:00,INCOMPLETE,306,3176718735,EVALUATED
2018-06-30 00:00:00,2018-06-30 00:00:00,INCOMPLETE,306,3168208620,EVALUATED
2018-06-11 00:00:00,2018-06-11 00:00:00,PASSED,316,3168208620,EVALUATED
2018-06-07 00:00:00,2018-06-10 00:00:00,INCOMPLETE,316,3168208620,EVALUATED
2018-03-09 00:00:00,2018-03-19 00:00:00,PASSED,316,3168208620,EVALUATED
2017-12-31 00:00:00,2018-01-13 00:00:00,INCOMPLETE,316,3176718735,EVALUATED
2018-06-07 00:00:00,2018-06-07 00:00:00,INCOMPLETE,316,3176718735,EVALUATED
2018-05-02 00:00:00,2018-05-03 00:00:00,PASSED,316,3174288624,EVALUATED
2018-06-11 00:00:00,2018-06-11 00:00:00,PASSED,316,3176718735,EVALUATED
2018-06-05 00:00:00,2018-06-05 00:00:00,PASSED,316,3184238632,EVALUATED
2018-03-24 00:00:00,2018-04-08 00:00:00,PASSED,316,3165188753,EVALUATED
2018-01-15 00:00:00,2018-01-29 00:00:00,PASSED,316,3176718735,EVALUATED
2018-03-02 00:00:00,2018-03-13 00:00:00,INCOMPLETE,316,3165188753,EVALUATED
2018-02-02 00:00:00,2018-02-13 00:00:00,INCOMPLETE,736,3176718735,EVALUATED
2018-01-06 00:00:00,2018-01-16 00:00:00,INCOMPLETE,630,3176718735,EVALUATED
2018-01-10 00:00:00,2018-01-24 00:00:00,PASSED,630,3168208620,EVALUATED
2018-01-01 00:00:00,2018-01-07 00:00:00,INCOMPLETE,630,3168208620,EVALUATED
2017-12-23 00:00:00,2018-01-06 00:00:00,INCOMPLETE,630,3176718735,EVALUATED
2018-01-31 00:00:00,2018-02-13 00:00:00,PASSED,630,3176718735,EVALUATED
2018-07-13 00:00:00,2018-07-13 00:00:00,INCOMPLETE,636,3184238632,EVALUATED
2018-07-07 00:00:00,2018-07-09 00:00:00,INCOMPLETE,636,3184238632,EVALUATED
2018-04-29 00:00:00,2018-04-29 00:00:00,PASSED,636,3176718735,EVALUATED
2018-04-29 00:00:00,2018-04-29 00:00:00,PASSED,636,3165188753,EVALUATED
2018-07-15 00:00:00,2018-07-15 00:00:00,PASSED,636,3184238632,EVALUATED
2018-05-18 00:00:00,2018-05-21 00:00:00,PASSED,636,3168208620,EVALUATED
2018-04-29 00:00:00,2018-04-29 00:00:00,PASSED,636,3174288624,EVALUATED
2018-05-09 00:00:00,2018-05-21 00:00:00,INCOMPLETE,636,3168208620,EVALUATED
2018-03-25 00:00:00,2018-04-07 00:00:00,PASSED,323,3174288624,EVALUATED
2018-01-05 00:00:00,2018-01-19 00:00:00,PASSED,323,3165188753,EVALUATED
2017-12-18 00:00:00,2017-12-30 00:00:00,PASSED,323,3168208620,EVALUATED
2017-12-10 00:00:00,2017-12-24 00:00:00,PASSED,323,3176718735,EVALUATED
2018-03-10 00:00:00,2018-03-25 00:00:00,INCOMPLETE,323,3174288624,EVALUATED
2018-03-06 00:00:00,2018-03-18 00:00:00,PASSED,323,3184238632,EVALUATED
2018-03-07 00:00:00,2018-03-20 00:00:00,PASSED,74,3176718735,EVALUATED
2018-01-08 00:00:00,2018-01-21 00:00:00,INCOMPLETE,74,3176718735,EVALUATED
2018-01-16 00:00:00,2018-01-31 00:00:00,PASSED,148,3176718735,EVALUATED
2018-01-03 00:00:00,2018-01-15 00:00:00,INCOMPLETE,148,3176718735,EVALUATED
2018-02-25 00:00:00,2018-02-25 00:00:00,UNGRADED,473,3176718735,EVALUATED
2018-03-03 00:00:00,2018-03-17 00:00:00,PASSED,473,3176718735,EVALUATED
2018-02-08 00:00:00,2018-02-21 00:00:00,INCOMPLETE,473,3176718735,EVALUATED
2018-01-26 00:00:00,2018-02-06 00:00:00,UNGRADED,473,3176718735,EVALUATED
2018-02-13 00:00:00,2018-02-23 00:00:00,INCOMPLETE,965,3176718735,EVALUATED
2018-06-10 00:00:00,2018-06-10 00:00:00,INCOMPLETE,53,3168208620,EVALUATED
2018-06-11 00:00:00,2018-06-11 00:00:00,PASSED,53,3168208620,EVALUATED
2018-05-21 00:00:00,2018-05-21 00:00:00,INCOMPLETE,53,3176718735,EVALUATED
2018-06-27 00:00:00,2018-06-27 00:00:00,PASSED,53,3176718735,EVALUATED
2018-07-23 00:00:00,2018-07-24 00:00:00,INCOMPLETE,557,3174288624,EVALUATED
2018-06-14 00:00:00,2018-06-14 00:00:00,INCOMPLETE,557,3165188753,EVALUATED
2018-04-01 00:00:00,2018-04-13 00:00:00,PASSED,557,3176718735,EVALUATED
2018-06-15 00:00:00,2018-06-15 00:00:00,PASSED,557,3165188753,EVALUATED
2018-08-04 00:00:00,2018-08-04 00:00:00,INCOMPLETE,557,3174288624,EVALUATED
2018-07-27 00:00:00,2018-07-28 00:00:00,INCOMPLETE,557,3174288624,EVALUATED
2018-05-24 00:00:00,2018-05-27 00:00:00,INCOMPLETE,557,3168208620,EVALUATED
2018-07-29 00:00:00,2018-07-31 00:00:00,INCOMPLETE,557,3174288624,EVALUATED
2018-06-10 00:00:00,2018-06-10 00:00:00,INCOMPLETE,557,3165188753,EVALUATED
2018-05-23 00:00:00,2018-05-24 00:00:00,INCOMPLETE,557,3168208620,EVALUATED
2018-05-23 00:00:00,2018-05-23 00:00:00,INCOMPLETE,557,3168208620,EVALUATED
2018-05-21 00:00:00,2018-05-22 00:00:00,INCOMPLETE,557,3168208620,EVALUATED
2018-08-07 00:00:00,2018-08-08 00:00:00,PASSED,557,3174288624,EVALUATED
2018-07-21 00:00:00,2018-07-21 00:00:00,INCOMPLETE,557,3174288624,EVALUATED
2018-06-12 00:00:00,2018-06-12 00:00:00,INCOMPLETE,557,3165188753,EVALUATED
2018-05-28 00:00:00,2018-05-28 00:00:00,PASSED,557,3168208620,EVALUATED
2018-03-17 00:00:00,2018-03-31 00:00:00,INCOMPLETE,557,3176718735,EVALUATED
2018-08-26 00:00:00,2018-08-26 00:00:00,PASSED,514,4576183932,EVALUATED
2018-04-03 00:00:00,2018-04-13 00:00:00,PASSED,514,3176718735,EVALUATED
2018-01-16 00:00:00,2018-01-30 00:00:00,INCOMPLETE,514,3176718735,EVALUATED
2018-03-31 00:00:00,2018-04-09 00:00:00,INCOMPLETE,514,3168208620,EVALUATED
2018-01-30 00:00:00,2018-02-13 00:00:00,INCOMPLETE,514,3176718735,EVALUATED
2018-01-13 00:00:00,2018-01-26 00:00:00,INCOMPLETE,429,3176718735,EVALUATED
2018-02-16 00:00:00,2018-03-03 00:00:00,PASSED,429,3176718735,EVALUATED
2018-01-23 00:00:00,2018-02-04 00:00:00,PASSED,431,3176718735,EVALUATED
2018-01-06 00:00:00,2018-01-09 00:00:00,UNGRADED,431,3176718735,EVALUATED
2017-12-20 00:00:00,2018-01-05 00:00:00,INCOMPLETE,431,3176718735,EVALUATED
2018-01-14 00:00:00,2018-01-17 00:00:00,PASSED,431,3168208620,EVALUATED
2018-01-09 00:00:00,2018-01-22 00:00:00,INCOMPLETE,431,3176718735,EVALUATED
2018-03-16 00:00:00,2018-03-30 00:00:00,INCOMPLETE,270,3184238632,EVALUATED
2018-02-21 00:00:00,2018-03-09 00:00:00,INCOMPLETE,270,3174288624,EVALUATED
2018-03-13 00:00:00,2018-03-27 00:00:00,PASSED,270,3165188753,EVALUATED
2018-02-26 00:00:00,2018-03-13 00:00:00,INCOMPLETE,270,3165188753,EVALUATED
2018-01-16 00:00:00,2018-01-28 00:00:00,INCOMPLETE,270,3176718735,EVALUATED
2018-04-26 00:00:00,2018-04-28 00:00:00,INCOMPLETE,270,3184238632,EVALUATED
2018-03-25 00:00:00,2018-04-08 00:00:00,PASSED,270,3174288624,EVALUATED
2018-01-31 00:00:00,2018-02-10 00:00:00,PASSED,270,3168208620,EVALUATED
2018-02-09 00:00:00,2018-02-24 00:00:00,INCOMPLETE,270,3165188753,EVALUATED
2018-01-29 00:00:00,2018-02-10 00:00:00,PASSED,270,3176718735,EVALUATED
2018-03-09 00:00:00,2018-03-23 00:00:00,INCOMPLETE,270,3174288624,EVALUATED
2018-08-15 00:00:00,2018-08-15 00:00:00,INCOMPLETE,1058,4582204201,EVALUATED
2018-08-17 00:00:00,2018-08-17 00:00:00,PASSED,1058,4582204201,EVALUATED
2018-07-26 00:00:00,2018-07-27 00:00:00,INCOMPLETE,45,3165188753,EVALUATED
2018-07-28 00:00:00,2018-07-28 00:00:00,INCOMPLETE,45,3165188753,EVALUATED
2018-01-12 00:00:00,2018-01-22 00:00:00,DISTINCTION,45,3176718735,EVALUATED
2018-05-30 00:00:00,2018-06-04 00:00:00,PASSED,45,3168208620,EVALUATED
2018-07-28 00:00:00,2018-07-29 00:00:00,DISTINCTION,45,3165188753,EVALUATED
2018-08-12 00:00:00,2018-08-12 00:00:00,PASSED,690,4576183932,EVALUATED
2018-03-08 00:00:00,2018-03-18 00:00:00,PASSED,335,3168208620,EVALUATED
2018-01-10 00:00:00,2018-01-24 00:00:00,PASSED,335,3176718735,EVALUATED
2017-12-16 00:00:00,2017-12-26 00:00:00,UNGRADED,919,3176718735,EVALUATED
2017-12-12 00:00:00,2017-12-18 00:00:00,PASSED,919,3168208620,EVALUATED
2018-01-23 00:00:00,2018-02-03 00:00:00,INCOMPLETE,919,3165188753,EVALUATED
2018-02-04 00:00:00,2018-02-17 00:00:00,PASSED,919,3165188753,EVALUATED
2018-01-04 00:00:00,2018-01-15 00:00:00,UNGRADED,919,3165188753,EVALUATED
2018-01-09 00:00:00,2018-01-24 00:00:00,INCOMPLETE,919,3174288624,EVALUATED
2018-01-04 00:00:00,2018-01-19 00:00:00,INCOMPLETE,919,3165188753,EVALUATED
2017-12-28 00:00:00,2018-01-09 00:00:00,INCOMPLETE,919,3176718735,EVALUATED
2018-02-08 00:00:00,2018-02-18 00:00:00,INCOMPLETE,919,3176718735,EVALUATED
2018-07-06 00:00:00,2018-07-07 00:00:00,PASSED,955,4180859007,EVALUATED
2018-07-04 00:00:00,2018-07-04 00:00:00,INCOMPLETE,955,4180859007,EVALUATED
2018-07-02 00:00:00,2018-07-09 00:00:00,INCOMPLETE,569,4110338963,EVALUATED
2018-07-01 00:00:00,2018-07-01 00:00:00,INCOMPLETE,569,4110338963,EVALUATED
2018-06-16 00:00:00,2018-06-16 00:00:00,INCOMPLETE,569,3165188753,EVALUATED
2018-06-15 00:00:00,2018-06-15 00:00:00,INCOMPLETE,569,3165188753,EVALUATED
2018-06-12 00:00:00,2018-06-16 00:00:00,INCOMPLETE,569,3174288624,EVALUATED
2018-06-11 00:00:00,2018-06-11 00:00:00,INCOMPLETE,569,3174288624,EVALUATED
2018-06-03 00:00:00,2018-06-03 00:00:00,PASSED,569,3176718735,EVALUATED
2018-06-13 00:00:00,2018-06-20 00:00:00,INCOMPLETE,569,3184238632,EVALUATED
2018-06-02 00:00:00,2018-06-02 00:00:00,INCOMPLETE,569,3176718735,EVALUATED
2018-06-27 00:00:00,2018-06-27 00:00:00,INCOMPLETE,569,4110338963,EVALUATED
2018-06-24 00:00:00,2018-06-24 00:00:00,PASSED,569,3184238632,EVALUATED
2018-06-05 00:00:00,2018-06-15 00:00:00,INCOMPLETE,569,3165188753,EVALUATED
2018-06-07 00:00:00,2018-06-11 00:00:00,INCOMPLETE,569,3168208620,EVALUATED
2018-06-10 00:00:00,2018-06-10 00:00:00,INCOMPLETE,569,3184238632,EVALUATED
2018-07-15 00:00:00,2018-07-15 00:00:00,PASSED,569,4110338963,EVALUATED
2018-07-09 00:00:00,2018-07-13 00:00:00,INCOMPLETE,569,4110338963,EVALUATED
2018-06-27 00:00:00,2018-06-27 00:00:00,PASSED,569,3174288624,EVALUATED
2018-06-17 00:00:00,2018-06-23 00:00:00,INCOMPLETE,569,3174288624,EVALUATED
2018-06-19 00:00:00,2018-06-19 00:00:00,PASSED,569,3165188753,EVALUATED
2018-06-11 00:00:00,2018-06-16 00:00:00,INCOMPLETE,569,3168208620,EVALUATED
2018-06-11 00:00:00,2018-06-11 00:00:00,INCOMPLETE,569,3184238632,EVALUATED
2018-07-12 00:00:00,2018-07-15 00:00:00,PASSED,569,4576183932,EVALUATED
2018-06-26 00:00:00,2018-06-26 00:00:00,INCOMPLETE,569,3174288624,EVALUATED
2018-06-24 00:00:00,2018-06-25 00:00:00,INCOMPLETE,569,3174288624,EVALUATED
2018-06-23 00:00:00,2018-06-23 00:00:00,INCOMPLETE,569,3184238632,EVALUATED
2018-06-16 00:00:00,2018-06-16 00:00:00,PASSED,569,3168208620,EVALUATED
2018-06-04 00:00:00,2018-06-04 00:00:00,INCOMPLETE,569,3165188753,EVALUATED
2018-03-26 00:00:00,2018-04-09 00:00:00,INCOMPLETE,24,3174288624,EVALUATED
2018-02-27 00:00:00,2018-03-13 00:00:00,INCOMPLETE,24,3165188753,EVALUATED
2018-01-25 00:00:00,2018-02-05 00:00:00,PASSED,24,3168208620,EVALUATED
2018-03-27 00:00:00,2018-04-10 00:00:00,PASSED,24,3165188753,EVALUATED
2018-05-21 00:00:00,2018-05-22 00:00:00,PASSED,24,3184238632,EVALUATED
2018-05-18 00:00:00,2018-05-21 00:00:00,INCOMPLETE,24,3184238632,EVALUATED
2018-04-20 00:00:00,2018-04-21 00:00:00,PASSED,24,3174288624,EVALUATED
2018-01-25 00:00:00,2018-02-08 00:00:00,PASSED,24,3176718735,EVALUATED
2018-01-11 00:00:00,2018-01-20 00:00:00,INCOMPLETE,24,3176718735,EVALUATED
2018-07-24 00:00:00,2018-07-24 00:00:00,INCOMPLETE,170,3184238632,EVALUATED
2018-05-15 00:00:00,2018-05-21 00:00:00,PASSED,170,3165188753,EVALUATED
2018-05-03 00:00:00,2018-05-04 00:00:00,INCOMPLETE,170,3165188753,EVALUATED
2018-03-13 00:00:00,2018-03-25 00:00:00,INCOMPLETE,170,3176718735,EVALUATED
2018-07-12 00:00:00,2018-07-13 00:00:00,PASSED,170,3174288624,EVALUATED
2018-03-02 00:00:00,2018-03-11 00:00:00,INCOMPLETE,170,3176718735,EVALUATED
2018-07-22 00:00:00,2018-07-23 00:00:00,INCOMPLETE,170,3184238632,EVALUATED
2018-07-06 00:00:00,2018-07-06 00:00:00,INCOMPLETE,170,3174288624,EVALUATED
2018-02-22 00:00:00,2018-03-06 00:00:00,PASSED,170,3168208620,EVALUATED
2018-01-26 00:00:00,2018-02-07 00:00:00,INCOMPLETE,170,3176718735,EVALUATED
2018-03-25 00:00:00,2018-03-26 00:00:00,PASSED,170,3176718735,EVALUATED
2018-02-08 00:00:00,2018-02-19 00:00:00,INCOMPLETE,170,3176718735,EVALUATED
2018-07-24 00:00:00,2018-07-25 00:00:00,PASSED,170,3184238632,EVALUATED
2018-05-10 00:00:00,2018-05-21 00:00:00,INCOMPLETE,170,3165188753,EVALUATED
2017-12-02 00:00:00,2017-12-16 00:00:00,INCOMPLETE,649,3168208620,EVALUATED
2018-02-03 00:00:00,2018-02-18 00:00:00,INCOMPLETE,649,3184238632,EVALUATED
2017-12-27 00:00:00,2018-01-07 00:00:00,PASSED,649,3168208620,EVALUATED
2017-12-23 00:00:00,2017-12-28 00:00:00,INCOMPLETE,649,3165188753,EVALUATED
2017-12-21 00:00:00,2017-12-26 00:00:00,UNGRADED,649,3168208620,EVALUATED
2018-02-20 00:00:00,2018-03-03 00:00:00,PASSED,649,3184238632,EVALUATED
2018-01-08 00:00:00,2018-01-10 00:00:00,PASSED,649,3165188753,EVALUATED
2017-12-14 00:00:00,2018-01-07 00:00:00,PASSED,649,3174288624,EVALUATED
2017-12-09 00:00:00,2017-12-20 00:00:00,INCOMPLETE,649,3165188753,EVALUATED
2017-11-20 00:00:00,2017-11-24 00:00:00,PASSED,649,3176718735,EVALUATED
2018-01-11 00:00:00,2018-01-22 00:00:00,PASSED,265,3176718735,EVALUATED
2018-07-07 00:00:00,2018-07-09 00:00:00,INCOMPLETE,15,3184238632,EVALUATED
2018-03-16 00:00:00,2018-03-23 00:00:00,DISTINCTION,15,3176718735,EVALUATED
2018-05-05 00:00:00,2018-05-05 00:00:00,PASSED,15,3174288624,EVALUATED
2018-05-01 00:00:00,2018-05-04 00:00:00,PASSED,15,3165188753,EVALUATED
2018-04-23 00:00:00,2018-04-27 00:00:00,INCOMPLETE,15,3165188753,EVALUATED
2018-03-26 00:00:00,2018-03-30 00:00:00,UNGRADED,15,3165188753,EVALUATED
2018-07-16 00:00:00,2018-07-17 00:00:00,PASSED,15,3184238632,EVALUATED
2018-06-02 00:00:00,2018-06-02 00:00:00,PASSED,15,3168208620,EVALUATED
2018-07-06 00:00:00,2018-07-06 00:00:00,INCOMPLETE,348,3176718735,EVALUATED
2018-07-12 00:00:00,2018-07-13 00:00:00,PASSED,348,3176718735,EVALUATED
2018-07-12 00:00:00,2018-07-12 00:00:00,INCOMPLETE,348,3176718735,EVALUATED
2018-05-02 00:00:00,2018-05-02 00:00:00,PASSED,169,3176718735,EVALUATED
2018-03-16 00:00:00,2018-03-23 00:00:00,INCOMPLETE,169,3168208620,EVALUATED
2018-02-23 00:00:00,2018-02-26 00:00:00,INCOMPLETE,169,3176718735,EVALUATED
2018-07-31 00:00:00,2018-07-31 00:00:00,INCOMPLETE,169,3168208620,EVALUATED
2018-06-09 00:00:00,2018-06-09 00:00:00,PASSED,169,3174288624,EVALUATED
2018-08-07 00:00:00,2018-08-08 00:00:00,PASSED,169,3168208620,EVALUATED
2018-07-28 00:00:00,2018-07-29 00:00:00,PASSED,169,3184238632,EVALUATED
2018-04-15 00:00:00,2018-04-16 00:00:00,PASSED,169,3165188753,EVALUATED
2018-06-03 00:00:00,2018-06-03 00:00:00,INCOMPLETE,169,3174288624,EVALUATED
2018-04-23 00:00:00,2018-04-23 00:00:00,PASSED,447,3176718735,EVALUATED
2018-01-12 00:00:00,2018-01-24 00:00:00,INCOMPLETE,1111,3176718735,EVALUATED
2018-03-01 00:00:00,2018-03-10 00:00:00,PASSED,343,3176718735,EVALUATED
2018-01-25 00:00:00,2018-02-02 00:00:00,INCOMPLETE,343,3176718735,EVALUATED
2018-01-20 00:00:00,2018-02-03 00:00:00,INCOMPLETE,111,3176718735,EVALUATED
2018-02-13 00:00:00,2018-02-26 00:00:00,PASSED,111,3176718735,EVALUATED
2018-03-30 00:00:00,2018-04-14 00:00:00,PASSED,106,3168208620,EVALUATED
2018-07-27 00:00:00,2018-07-28 00:00:00,INCOMPLETE,106,3165188753,EVALUATED
2018-01-12 00:00:00,2018-01-23 00:00:00,DISTINCTION,106,3176718735,EVALUATED
2018-08-10 00:00:00,2018-08-12 00:00:00,PASSED,106,3165188753,EVALUATED
2018-01-07 00:00:00,2018-01-20 00:00:00,PASSED,65,3176718735,EVALUATED
2018-01-06 00:00:00,2018-01-16 00:00:00,INCOMPLETE,938,3176718735,EVALUATED
2017-12-17 00:00:00,2018-01-01 00:00:00,INCOMPLETE,938,3176718735,EVALUATED
2018-02-10 00:00:00,2018-02-19 00:00:00,PASSED,590,3176718735,EVALUATED
2018-04-04 00:00:00,2018-04-14 00:00:00,INCOMPLETE,285,3176718735,EVALUATED
2018-06-16 00:00:00,2018-06-16 00:00:00,PASSED,285,3176718735,EVALUATED
2018-05-15 00:00:00,2018-05-21 00:00:00,INCOMPLETE,285,3176718735,EVALUATED
2018-07-25 00:00:00,2018-07-25 00:00:00,INCOMPLETE,285,3168208620,EVALUATED
2018-05-15 00:00:00,2018-05-21 00:00:00,INCOMPLETE,285,3176718735,EVALUATED
2018-05-28 00:00:00,2018-06-03 00:00:00,PASSED,550,3184238632,EVALUATED
2018-03-25 00:00:00,2018-04-08 00:00:00,PASSED,550,3174288624,EVALUATED
2018-02-07 00:00:00,2018-02-22 00:00:00,PASSED,550,3165188753,EVALUATED
2017-12-20 00:00:00,2017-12-31 00:00:00,PASSED,550,3168208620,EVALUATED
2017-12-02 00:00:00,2017-12-12 00:00:00,PASSED,550,3176718735,EVALUATED
2018-03-31 00:00:00,2018-04-15 00:00:00,INCOMPLETE,550,3184238632,EVALUATED
2018-04-29 00:00:00,2018-04-29 00:00:00,INCOMPLETE,550,3184238632,EVALUATED
2018-03-05 00:00:00,2018-03-17 00:00:00,INCOMPLETE,550,3174288624,EVALUATED
2018-01-26 00:00:00,2018-02-04 00:00:00,INCOMPLETE,550,3165188753,EVALUATED
2018-01-28 00:00:00,2018-02-10 00:00:00,PASSED,580,3176718735,EVALUATED
2018-03-09 00:00:00,2018-03-20 00:00:00,PASSED,580,3168208620,EVALUATED
2018-01-15 00:00:00,2018-01-27 00:00:00,INCOMPLETE,580,3176718735,EVALUATED
2018-02-10 00:00:00,2018-02-24 00:00:00,INCOMPLETE,580,3174288624,EVALUATED
2017-12-29 00:00:00,2018-01-08 00:00:00,INCOMPLETE,580,3176718735,EVALUATED
2018-07-05 00:00:00,2018-07-06 00:00:00,PASSED,580,3174288624,EVALUATED
2018-04-23 00:00:00,2018-04-27 00:00:00,PASSED,315,3184238632,EVALUATED
2018-04-17 00:00:00,2018-04-17 00:00:00,INCOMPLETE,315,3184238632,EVALUATED
2018-04-01 00:00:00,2018-04-05 00:00:00,INCOMPLETE,315,3174288624,EVALUATED
2018-02-11 00:00:00,2018-02-16 00:00:00,INCOMPLETE,315,3165188753,EVALUATED
2017-11-27 00:00:00,2017-12-11 00:00:00,INCOMPLETE,315,3176718735,EVALUATED
2018-04-06 00:00:00,2018-04-13 00:00:00,PASSED,315,3174288624,EVALUATED
2018-02-27 00:00:00,2018-03-01 00:00:00,INCOMPLETE,315,3165188753,EVALUATED
2018-01-16 00:00:00,2018-01-30 00:00:00,PASSED,315,3176718735,EVALUATED
2018-01-03 00:00:00,2018-01-14 00:00:00,INCOMPLETE,315,3176718735,EVALUATED
2018-03-25 00:00:00,2018-04-07 00:00:00,INCOMPLETE,315,3184238632,EVALUATED
2018-03-18 00:00:00,2018-03-30 00:00:00,INCOMPLETE,315,3174288624,EVALUATED
2018-03-03 00:00:00,2018-03-17 00:00:00,PASSED,315,3165188753,EVALUATED
2018-01-16 00:00:00,2018-01-29 00:00:00,PASSED,315,3168208620,EVALUATED
2018-02-13 00:00:00,2018-02-25 00:00:00,INCOMPLETE,85,3165188753,EVALUATED
2018-01-26 00:00:00,2018-02-06 00:00:00,INCOMPLETE,85,3165188753,EVALUATED
2017-12-22 00:00:00,2017-12-30 00:00:00,PASSED,85,3168208620,EVALUATED
2017-12-03 00:00:00,2017-12-12 00:00:00,PASSED,85,3176718735,EVALUATED
2018-03-19 00:00:00,2018-03-25 00:00:00,PASSED,85,3184238632,EVALUATED
2018-02-26 00:00:00,2018-03-12 00:00:00,PASSED,85,3165188753,EVALUATED
2018-02-11 00:00:00,2018-02-24 00:00:00,PASSED,85,3174288624,EVALUATED
2018-06-19 00:00:00,2018-06-19 00:00:00,PASSED,85,4110338963,EVALUATED
2018-06-07 00:00:00,2018-06-12 00:00:00,INCOMPLETE,85,4110338963,EVALUATED
2018-07-02 00:00:00,2018-07-02 00:00:00,PASSED,85,4110338963,EVALUATED
2018-06-01 00:00:00,2018-06-05 00:00:00,INCOMPLETE,85,4110338963,EVALUATED
2018-03-15 00:00:00,2018-03-17 00:00:00,INCOMPLETE,85,3184238632,EVALUATED
2018-03-03 00:00:00,2018-03-12 00:00:00,INCOMPLETE,85,3184238632,EVALUATED
2018-06-15 00:00:00,2018-06-18 00:00:00,PASSED,85,4110338963,EVALUATED
2018-05-30 00:00:00,2018-05-30 00:00:00,PASSED,622,3176718735,EVALUATED
2018-05-15 00:00:00,2018-05-21 00:00:00,INCOMPLETE,622,3176718735,EVALUATED
2018-04-11 00:00:00,2018-04-11 00:00:00,INCOMPLETE,622,3176718735,EVALUATED
2018-06-12 00:00:00,2018-06-13 00:00:00,PASSED,622,3165188753,EVALUATED
2018-06-10 00:00:00,2018-06-10 00:00:00,INCOMPLETE,622,3165188753,EVALUATED
2018-05-16 00:00:00,2018-05-21 00:00:00,INCOMPLETE,622,3176718735,EVALUATED
2018-04-05 00:00:00,2018-04-05 00:00:00,INCOMPLETE,622,3176718735,EVALUATED
2018-03-08 00:00:00,2018-03-19 00:00:00,INCOMPLETE,622,3176718735,EVALUATED
2018-06-12 00:00:00,2018-06-12 00:00:00,INCOMPLETE,622,3165188753,EVALUATED
2018-06-11 00:00:00,2018-06-11 00:00:00,INCOMPLETE,622,3165188753,EVALUATED
2018-07-15 00:00:00,2018-07-17 00:00:00,PASSED,329,3176718735,EVALUATED
2018-07-14 00:00:00,2018-07-15 00:00:00,INCOMPLETE,329,3176718735,EVALUATED
2017-12-04 00:00:00,2017-12-18 00:00:00,INCOMPLETE,366,3176718735,EVALUATED
2018-01-25 00:00:00,2018-02-04 00:00:00,PASSED,366,3176718735,EVALUATED
2018-01-05 00:00:00,2018-01-13 00:00:00,INCOMPLETE,366,3176718735,EVALUATED
2018-06-13 00:00:00,2018-06-14 00:00:00,PASSED,208,3168208620,EVALUATED
2018-04-27 00:00:00,2018-04-30 00:00:00,INCOMPLETE,208,3176718735,EVALUATED
2018-05-01 00:00:00,2018-05-08 00:00:00,PASSED,208,3176718735,EVALUATED
2018-01-31 00:00:00,2018-02-09 00:00:00,PASSED,571,3176718735,EVALUATED
2018-02-11 00:00:00,2018-02-24 00:00:00,PASSED,264,3176718735,EVALUATED
2018-03-10 00:00:00,2018-03-22 00:00:00,INCOMPLETE,1292,3176718735,EVALUATED
2018-02-07 00:00:00,2018-02-20 00:00:00,PASSED,67,3176718735,EVALUATED
2018-08-18 00:00:00,2018-08-18 00:00:00,PASSED,263,4582204201,EVALUATED
2018-08-14 00:00:00,2018-08-14 00:00:00,INCOMPLETE,263,4582204201,EVALUATED
2018-08-14 00:00:00,2018-08-14 00:00:00,PASSED,263,4576183932,EVALUATED
2018-08-13 00:00:00,2018-08-13 00:00:00,INCOMPLETE,263,4576183932,EVALUATED
2018-03-01 00:00:00,2018-03-16 00:00:00,INCOMPLETE,263,3176718735,EVALUATED
2018-08-18 00:00:00,2018-08-18 00:00:00,PASSED,263,3168208620,EVALUATED
2018-01-27 00:00:00,2018-02-11 00:00:00,INCOMPLETE,263,3176718735,EVALUATED
2018-08-13 00:00:00,2018-08-13 00:00:00,INCOMPLETE,263,4576183932,EVALUATED
2018-03-19 00:00:00,2018-03-30 00:00:00,PASSED,263,3176718735,EVALUATED
2018-07-01 00:00:00,2018-07-01 00:00:00,INCOMPLETE,268,3176718735,EVALUATED
2018-07-01 00:00:00,2018-07-01 00:00:00,PASSED,268,3176718735,EVALUATED
2018-05-05 00:00:00,2018-05-05 00:00:00,PASSED,505,3176718735,EVALUATED
2018-05-03 00:00:00,2018-05-03 00:00:00,INCOMPLETE,505,3176718735,EVALUATED
2018-07-28 00:00:00,2018-07-28 00:00:00,PASSED,1217,4582204201,EVALUATED
2018-07-17 00:00:00,2018-07-17 00:00:00,PASSED,1217,4576183932,EVALUATED
2018-08-15 00:00:00,2018-08-16 00:00:00,INCOMPLETE,1217,3176718735,EVALUATED
2018-02-07 00:00:00,2018-02-20 00:00:00,PASSED,499,3176718735,EVALUATED
2018-02-07 00:00:00,2018-02-10 00:00:00,PASSED,499,3165188753,EVALUATED
2018-02-23 00:00:00,2018-03-08 00:00:00,PASSED,499,3174288624,EVALUATED
2018-01-15 00:00:00,2018-01-29 00:00:00,INCOMPLETE,62,3176718735,EVALUATED
2018-02-05 00:00:00,2018-02-20 00:00:00,PASSED,62,3168208620,EVALUATED
2018-01-30 00:00:00,2018-02-13 00:00:00,PASSED,62,3176718735,EVALUATED
2018-03-29 00:00:00,2018-04-04 00:00:00,INCOMPLETE,62,3165188753,EVALUATED
2018-08-18 00:00:00,2018-08-18 00:00:00,INCOMPLETE,1247,4576183932,EVALUATED
2018-08-18 00:00:00,2018-08-18 00:00:00,INCOMPLETE,1247,4576183932,EVALUATED
2018-07-10 00:00:00,2018-07-11 00:00:00,PASSED,858,4576183932,EVALUATED
2018-05-05 00:00:00,2018-05-05 00:00:00,INCOMPLETE,386,3176718735,EVALUATED
2018-05-27 00:00:00,2018-05-28 00:00:00,PASSED,386,3176718735,EVALUATED
2018-05-27 00:00:00,2018-05-27 00:00:00,INCOMPLETE,386,3176718735,EVALUATED
2018-05-05 00:00:00,2018-05-05 00:00:00,PASSED,589,3176718735,EVALUATED
2018-08-07 00:00:00,2018-08-07 00:00:00,PASSED,1183,4582204201,EVALUATED
2018-07-27 00:00:00,2018-07-27 00:00:00,INCOMPLETE,1183,4582204201,EVALUATED
2018-07-19 00:00:00,2018-07-19 00:00:00,PASSED,1183,4576183932,EVALUATED
2018-07-29 00:00:00,2018-07-29 00:00:00,INCOMPLETE,1183,4582204201,EVALUATED
2018-03-30 00:00:00,2018-04-15 00:00:00,PASSED,549,3168208620,EVALUATED
2018-02-03 00:00:00,2018-02-11 00:00:00,PASSED,549,3176718735,EVALUATED
2018-04-06 00:00:00,2018-04-13 00:00:00,PASSED,34,3176718735,EVALUATED
2018-02-03 00:00:00,2018-02-16 00:00:00,PASSED,221,3176718735,EVALUATED
2018-08-01 00:00:00,2018-08-02 00:00:00,INCOMPLETE,284,3176718735,EVALUATED
2018-08-01 00:00:00,2018-08-01 00:00:00,PASSED,284,4576183932,EVALUATED
2018-08-01 00:00:00,2018-08-01 00:00:00,INCOMPLETE,284,3176718735,EVALUATED
2018-08-02 00:00:00,2018-08-04 00:00:00,PASSED,284,3176718735,EVALUATED
2018-08-02 00:00:00,2018-08-02 00:00:00,INCOMPLETE,284,3176718735,EVALUATED
2018-02-02 00:00:00,2018-02-16 00:00:00,PASSED,558,3176718735,EVALUATED
2018-06-30 00:00:00,2018-06-30 00:00:00,PASSED,558,3165188753,EVALUATED
2018-04-25 00:00:00,2018-05-04 00:00:00,PASSED,558,3168208620,EVALUATED
2018-06-29 00:00:00,2018-06-29 00:00:00,INCOMPLETE,558,3165188753,EVALUATED
2018-07-14 00:00:00,2018-07-15 00:00:00,DISTINCTION,905,4180859007,EVALUATED
2018-01-12 00:00:00,2018-01-23 00:00:00,PASSED,334,3176718735,EVALUATED
2018-01-13 00:00:00,2018-01-27 00:00:00,UNGRADED,906,3176718735,EVALUATED
2018-05-26 00:00:00,2018-06-03 00:00:00,INCOMPLETE,3,3165188753,EVALUATED
2018-06-03 00:00:00,2018-06-05 00:00:00,INCOMPLETE,3,3165188753,EVALUATED
2018-03-31 00:00:00,2018-04-06 00:00:00,INCOMPLETE,3,3168208620,EVALUATED
2018-04-07 00:00:00,2018-04-13 00:00:00,PASSED,3,3168208620,EVALUATED
2017-11-21 00:00:00,2017-11-24 00:00:00,PASSED,3,3176718735,EVALUATED
2018-01-18 00:00:00,2018-02-01 00:00:00,INCOMPLETE,160,3168208620,EVALUATED
2017-12-03 00:00:00,2017-12-05 00:00:00,PASSED,160,3176718735,EVALUATED
2018-01-28 00:00:00,2018-02-10 00:00:00,PASSED,583,3168208620,EVALUATED
2017-12-18 00:00:00,2017-12-26 00:00:00,PASSED,583,3176718735,EVALUATED
2018-03-08 00:00:00,2018-03-19 00:00:00,PASSED,504,3168208620,EVALUATED
2018-01-12 00:00:00,2018-01-23 00:00:00,PASSED,504,3176718735,EVALUATED
2018-06-14 00:00:00,2018-06-14 00:00:00,INCOMPLETE,279,3176718735,EVALUATED
2018-06-15 00:00:00,2018-06-16 00:00:00,PASSED,279,3176718735,EVALUATED
2018-06-01 00:00:00,2018-06-01 00:00:00,INCOMPLETE,279,3176718735,EVALUATED
2018-05-10 00:00:00,2018-05-21 00:00:00,PASSED,19,3176718735,EVALUATED
2018-07-07 00:00:00,2018-07-07 00:00:00,PASSED,19,3168208620,EVALUATED
2018-07-06 00:00:00,2018-07-06 00:00:00,INCOMPLETE,19,3168208620,EVALUATED
2018-06-26 00:00:00,2018-06-26 00:00:00,INCOMPLETE,44,3165188753,EVALUATED
2018-03-28 00:00:00,2018-04-02 00:00:00,PASSED,44,3168208620,EVALUATED
2018-07-05 00:00:00,2018-07-06 00:00:00,PASSED,44,3165188753,EVALUATED
2018-01-17 00:00:00,2018-01-29 00:00:00,PASSED,44,3176718735,EVALUATED
2018-01-02 00:00:00,2018-01-17 00:00:00,INCOMPLETE,44,3176718735,EVALUATED
2018-01-12 00:00:00,2018-01-22 00:00:00,PASSED,322,3176718735,EVALUATED
2018-05-04 00:00:00,2018-05-05 00:00:00,INCOMPLETE,442,3176718735,EVALUATED
2018-05-05 00:00:00,2018-05-06 00:00:00,INCOMPLETE,442,3176718735,EVALUATED
2018-06-29 00:00:00,2018-06-30 00:00:00,PASSED,442,3168208620,EVALUATED
2018-08-25 00:00:00,2018-08-25 00:00:00,PASSED,442,4576183932,EVALUATED
2018-05-06 00:00:00,2018-05-21 00:00:00,PASSED,442,3176718735,EVALUATED
2017-11-23 00:00:00,2017-12-02 00:00:00,PASSED,441,3176718735,EVALUATED
2018-05-05 00:00:00,2018-05-08 00:00:00,INCOMPLETE,441,3165188753,EVALUATED
2017-12-29 00:00:00,2018-01-13 00:00:00,PASSED,441,3168208620,EVALUATED
2017-12-16 00:00:00,2017-12-30 00:00:00,PASSED,64,3176718735,EVALUATED
2017-11-24 00:00:00,2017-12-06 00:00:00,PASSED,576,3176718735,EVALUATED
2018-01-12 00:00:00,2018-01-22 00:00:00,PASSED,480,3176718735,EVALUATED
2018-06-16 00:00:00,2018-06-16 00:00:00,INCOMPLETE,1215,3176718735,EVALUATED
2018-06-18 00:00:00,2018-06-18 00:00:00,INCOMPLETE,1215,3176718735,EVALUATED
2018-06-26 00:00:00,2018-06-27 00:00:00,INCOMPLETE,1215,3176718735,EVALUATED
2018-05-29 00:00:00,2018-05-29 00:00:00,INCOMPLETE,98,3176718735,EVALUATED
2018-05-29 00:00:00,2018-05-29 00:00:00,INCOMPLETE,98,3176718735,EVALUATED
2018-05-29 00:00:00,2018-05-29 00:00:00,PASSED,98,3176718735,EVALUATED
2018-04-29 00:00:00,2018-05-05 00:00:00,PASSED,458,3168208620,EVALUATED
2018-03-07 00:00:00,2018-03-21 00:00:00,INCOMPLETE,458,3168208620,EVALUATED
2018-02-12 00:00:00,2018-02-24 00:00:00,PASSED,458,3176718735,EVALUATED
2018-01-11 00:00:00,2018-01-23 00:00:00,INCOMPLETE,458,3176718735,EVALUATED
2018-01-12 00:00:00,2018-01-23 00:00:00,PASSED,408,3176718735,EVALUATED
2018-05-04 00:00:00,2018-05-04 00:00:00,PASSED,402,3176718735,EVALUATED
2018-05-03 00:00:00,2018-05-03 00:00:00,INCOMPLETE,402,3176718735,EVALUATED
2017-12-12 00:00:00,2017-12-20 00:00:00,INCOMPLETE,187,3168208620,EVALUATED
2017-12-19 00:00:00,2018-01-01 00:00:00,PASSED,187,3176718735,EVALUATED
2017-12-22 00:00:00,2017-12-31 00:00:00,PASSED,187,3168208620,EVALUATED
2018-05-04 00:00:00,2018-05-05 00:00:00,PASSED,180,3176718735,EVALUATED
2018-03-10 00:00:00,2018-03-25 00:00:00,INCOMPLETE,732,3176718735,EVALUATED
2018-03-03 00:00:00,2018-03-12 00:00:00,PASSED,534,3176718735,EVALUATED
2018-04-27 00:00:00,2018-04-28 00:00:00,INCOMPLETE,105,3168208620,EVALUATED
2018-04-18 00:00:00,2018-04-18 00:00:00,PASSED,105,3176718735,EVALUATED
2017-12-24 00:00:00,2018-01-02 00:00:00,UNGRADED,512,3168208620,EVALUATED
2017-12-13 00:00:00,2017-12-20 00:00:00,INCOMPLETE,512,3176718735,EVALUATED
2018-01-06 00:00:00,2018-01-18 00:00:00,PASSED,512,3168208620,EVALUATED
2017-12-26 00:00:00,2018-01-09 00:00:00,PASSED,512,3176718735,EVALUATED
2018-03-10 00:00:00,2018-03-12 00:00:00,PASSED,610,3176718735,EVALUATED
2018-02-10 00:00:00,2018-02-13 00:00:00,UNGRADED,178,3165188753,EVALUATED
2017-12-17 00:00:00,2018-04-20 00:00:00,PASSED,178,3168208620,EVALUATED
2018-02-14 00:00:00,2018-02-16 00:00:00,INCOMPLETE,178,3165188753,EVALUATED
2018-02-17 00:00:00,2018-02-22 00:00:00,PASSED,178,3165188753,EVALUATED
2017-11-21 00:00:00,2017-11-24 00:00:00,PASSED,178,3176718735,EVALUATED
2018-02-01 00:00:00,2018-02-16 00:00:00,PASSED,52,3176718735,EVALUATED
2018-03-12 00:00:00,2018-03-24 00:00:00,INCOMPLETE,52,3168208620,EVALUATED
2017-12-23 00:00:00,2018-01-02 00:00:00,PASSED,18,3176718735,EVALUATED
2018-06-28 00:00:00,2018-06-28 00:00:00,PASSED,293,3176718735,EVALUATED
2018-07-16 00:00:00,2018-07-16 00:00:00,PASSED,584,3176718735,EVALUATED
2018-07-15 00:00:00,2018-07-16 00:00:00,INCOMPLETE,584,3176718735,EVALUATED
2018-07-07 00:00:00,2018-07-07 00:00:00,INCOMPLETE,584,3176718735,EVALUATED
2018-02-03 00:00:00,2018-02-13 00:00:00,INCOMPLETE,174,3176718735,EVALUATED
2018-02-14 00:00:00,2018-02-27 00:00:00,PASSED,174,3176718735,EVALUATED
2018-02-03 00:00:00,2018-02-16 00:00:00,PASSED,591,3176718735,EVALUATED
2018-01-13 00:00:00,2018-01-22 00:00:00,INCOMPLETE,591,3176718735,EVALUATED
2017-12-30 00:00:00,2018-01-12 00:00:00,PASSED,261,3176718735,EVALUATED
2018-01-10 00:00:00,2018-01-23 00:00:00,PASSED,88,3176718735,EVALUATED
2018-02-12 00:00:00,2018-02-24 00:00:00,DISTINCTION,151,3176718735,EVALUATED
2018-02-11 00:00:00,2018-02-27 00:00:00,INCOMPLETE,253,3168208620,EVALUATED
2018-01-27 00:00:00,2018-02-06 00:00:00,PASSED,253,3176718735,EVALUATED
2018-03-14 00:00:00,2018-03-26 00:00:00,PASSED,253,3174288624,EVALUATED
2018-03-08 00:00:00,2018-03-18 00:00:00,PASSED,253,3168208620,EVALUATED
2018-03-08 00:00:00,2018-03-16 00:00:00,PASSED,529,3176718735,EVALUATED
2018-01-09 00:00:00,2018-01-14 00:00:00,PASSED,123,3176718735,EVALUATED
2018-05-05 00:00:00,2018-05-05 00:00:00,PASSED,411,3176718735,EVALUATED
2018-06-01 00:00:00,2018-06-02 00:00:00,PASSED,547,3168208620,EVALUATED
2018-04-06 00:00:00,2018-04-13 00:00:00,PASSED,547,3176718735,EVALUATED
2018-05-03 00:00:00,2018-05-04 00:00:00,INCOMPLETE,722,3176718735,EVALUATED
2018-01-13 00:00:00,2018-01-22 00:00:00,PASSED,243,3176718735,EVALUATED
2018-03-03 00:00:00,2018-03-11 00:00:00,PASSED,623,3176718735,EVALUATED
